"andeuser_ptr_id","title","account_id"
"73580308-81e3-4dc6-93f0-611a999202e4","doctor","e26e958c-cb74-4b03-a4fd-d0659b9437aa"
"fb64ee21-cf74-4a6c-a969-7bf3ffd9877f","doctor","1674f6eb-d651-458d-b66a-7354d922013f"
"f9149c37-2a2e-4a4f-8579-1c6cc5d6ea29","doctor","ab6b682f-21cd-465a-9cb5-7f613947a248"
"f2449d18-65ce-4a1e-982e-cc4511bf7f79","doctor","789ee2fa-16fa-4b52-a7de-386683b931f4"
"f210d0d5-832c-4325-ba54-b541d1c6941c","doctor","31208244-c02d-4e38-bb96-09f2660cb8d9"
"efac5e9d-59c5-459d-bd81-0c9cb87cc5bf","doctor","ab6b682f-21cd-465a-9cb5-7f613947a248"
"ecba45ce-61ac-4bb6-ba63-a55ea71acea5","doctor","5dc00ddf-8d5e-4da6-bf36-5723a0df514b"
"eae838c6-193f-4c3f-98c3-2ea568b3821d","doctor","5c673210-662f-4a34-abb1-d7c552028382"
"ea627388-5d32-4682-8a02-9d954489fa57","doctor","4c095d56-a0e2-4b32-919b-ab7177522bdd"
"de1ed4b0-68eb-4b4b-8b0e-4e5f962b610c","doctor","74f9957b-790c-4e88-abe4-d63aaacefc12"
"dd9c8345-d036-4b9e-aa94-c7407e3d2b00","doctor","a581285c-35e0-43e1-be71-734cf49f551d"
"d627876c-786a-414b-bba6-b97f249ae516","doctor","fcb1ddb0-e32b-45f8-920d-41b665bd7534"
"d2dff830-b6b3-45c8-91ff-cdba9ec36bdd","doctor","9d52f6c8-e9f0-4551-97dc-3b661da08fc3"
"cdb99df8-64d1-45d1-a43a-b0da53e8c255","doctor","549ab827-767d-439e-bfc4-ae11cc86e0f1"
"cdb2cdd4-d54e-43ab-9e02-0220a233ad9b","doctor","ab6b682f-21cd-465a-9cb5-7f613947a248"
"cd9295d8-d479-4de1-a237-c87e4f8c2f87","doctor","0c75e71e-c0ea-4317-ac44-01d5d609e6d5"
"cd320484-5104-4de6-ab9e-8e849bab505b","doctor","74f9957b-790c-4e88-abe4-d63aaacefc12"
"cbbfe9f6-f784-4a67-a023-5af963e6b36d","doctor","b01752fd-4dae-4f70-ad9e-28792b0cf100"
"ca54fafb-a99d-4f02-a643-48038cebe1ee","doctor","bc2fe789-b274-4754-965d-75fc82a79e15"
"c6f6e21d-f2e0-4772-810c-e3be9f81e52f","doctor","ee173ff0-235a-4511-bbc7-bfda9a0dd95a"
"c4071c4c-873e-459f-8033-8cdc28366161","doctor","4d6a1b6c-4b02-4aba-8950-d423d7991aff"
"c1d0cdf7-3baf-492b-8d1f-67ef1d361ab3","doctor","a9d1c8d8-388d-4f1a-af06-d7af95d00ff9"
"c1715b0f-348d-438d-b5dc-ff49087fa695","doctor","247741ce-c46e-420c-a3c3-cb54267355e8"
"bf1303e3-f4a4-4eba-a8c5-b1aa3345f110","doctor","e0a16d8c-3b12-44b9-8c51-1f42f5b08dc1"
"ba3dc6db-ffaf-403b-a657-b452b4a4d9ac","doctor","9811a0bb-9f90-4041-b8b2-e43637ac850e"
"b92dc1d4-9b45-42bd-ab46-7e78e5a47ff4","doctor","d8b410b1-b92c-4833-9460-c627fc5a02b8"
"b6725291-09f6-4869-961c-6c3972292481","doctor","842c5e46-0e87-45ad-b706-62f53d1e97ec"
"b3658508-5511-49e5-a652-5961478622b9","doctor","23cc2ba2-4409-4cc1-8243-749ec06b524a"
"aeb492d3-ee9e-4a5a-9acd-a4ef4bfad2de","doctor","3c6315cf-8efe-4003-a326-47b8b61673c4"
"ac98b524-935e-4085-b08e-62506f270099","doctor","23cc2ba2-4409-4cc1-8243-749ec06b524a"
"ab5b4d92-6554-41fa-bc1e-74e79b4ae3b2","doctor","23cc2ba2-4409-4cc1-8243-749ec06b524a"
"a9477a2d-09a9-4d7e-b5d2-dd56d90ddd47","doctor","2b993680-0c9e-4cc5-af5c-76b0a5ede691"
"a57c0799-67ab-4584-a9b0-d30e9e6ac714","doctor","ab6b682f-21cd-465a-9cb5-7f613947a248"
"a54f80ef-19fb-4fab-a6e1-d0209a1828f6","doctor","a581285c-35e0-43e1-be71-734cf49f551d"
"a4b5e86a-f4a4-43d0-8f19-59c1e01cdbac","doctor","2d479d5b-be20-4eea-975d-dca7e0c9c7a2"
"a36cd6df-7bf4-4edd-a6f0-d7f1ad6238b0","doctor","b5acd008-1ca2-447c-8f76-98d8fe6f282c"
"a302b277-b32c-413c-bd7d-9daf501e69de","doctor","174c0a5a-9e03-400c-9056-c42aec61e3eb"
"a2fb2980-2369-4e78-b387-09154b31b6ec","doctor","a9d1c8d8-388d-4f1a-af06-d7af95d00ff9"
"9fa7c958-035e-4f98-908e-463536b7701a","doctor","5dc00ddf-8d5e-4da6-bf36-5723a0df514b"
"9ef6bc21-93d0-4dc8-8cb6-32ef4568f8ba","doctor","14cd2aac-983f-4bf9-b708-d3467b2738da"
"9cf6dabe-675a-497a-9374-df56a46d15ba","doctor","feb2aba2-db28-4b94-8b9e-f93b204ae99a"
"9853feb8-cdec-4780-9ab2-00cfd9118ef2","doctor","ab6b682f-21cd-465a-9cb5-7f613947a248"
"97310e86-ef2f-418f-8429-87c945985c53","doctor","23cc2ba2-4409-4cc1-8243-749ec06b524a"
"96978f93-413d-4ce1-9e5a-244eb309eb02","doctor","e3ffe557-3733-4b59-aa86-deac1fcbb462"
"968ae3f1-67df-4b95-a077-903fdf4c7185","doctor","36a19c30-0e26-475f-b13c-f939108b7c72"
"94d87e30-6cb8-4a1e-b2bf-ab7d85c4efac","doctor","f8c8c8e4-668b-4808-b137-48acf8d28378"
"93b90b63-9514-4c2e-8efa-2196164b220b","doctor","4f0b8845-4024-46b0-89b5-1671c9a3c3dd"
"8fbd19fa-3984-4670-8cb8-dfaa3febd882","doctor","67e0c357-e426-413b-8fd9-14eaa5a0e803"
"8a48a337-3d90-4cd5-b1e5-b681708d01f5","doctor","04d349d6-38d6-4796-ab4c-d9e84a19fe94"
"89fc8658-1f17-4bdb-94c4-ef1179371910","doctor","4601ca47-6391-408d-8bb1-565d30f50af6"
"89caabe5-d995-433d-8b7e-500b9ec206ca","doctor","ab6b682f-21cd-465a-9cb5-7f613947a248"
"88aa4e80-375e-49a0-9360-610f8e52619a","doctor","fcb1ddb0-e32b-45f8-920d-41b665bd7534"
"86333f4c-bc06-4433-9d0f-db6c437abedb","doctor","d8b410b1-b92c-4833-9460-c627fc5a02b8"
"85275331-693d-4bcf-92ed-90a33ac1bf89","doctor","5ef97a02-334e-42a2-8ec5-ddb0d1262d5c"
"83e0519d-7ed6-4486-917d-3db1e972554e","doctor","ec55e13e-edff-4861-989a-017f08b7f049"
"8323b09c-6e54-4f2b-98ed-7c31a6a43a2d","doctor","789ee2fa-16fa-4b52-a7de-386683b931f4"
"827d0fbd-778f-45b1-bf9e-1bbe6729a3cc","doctor","3b1c692e-3798-4520-8a1f-9844b8d589a4"
"7ff6cca9-e8a0-4f5b-8617-233ce70add36","doctor","ab6b682f-21cd-465a-9cb5-7f613947a248"
"7d8f9acc-16ac-49fc-ae3c-47f95b935256","doctor","31208244-c02d-4e38-bb96-09f2660cb8d9"
"7d5754fb-6383-4c1e-8277-1e4bfd736b54","doctor","256fefc6-ed78-4b6f-8132-7d604bc76b83"
"77f2ff36-2884-4e7e-aed5-ba062f532405","doctor","3c6315cf-8efe-4003-a326-47b8b61673c4"
"744a1e27-abac-4092-83e3-3381fc8be4bf","doctor","ab6b682f-21cd-465a-9cb5-7f613947a248"
"72ecb0e2-7959-4e5e-8f43-86d7eb986d75","doctor","a6e4f065-df8f-4c1b-8325-dc4f39a685bd"
"6ece560c-2bab-4486-8d57-35fb1980ae00","doctor","23cc2ba2-4409-4cc1-8243-749ec06b524a"
"6a051723-dab8-4fb2-aa94-5ccfdffe2ecf","doctor","9c504b58-582f-4c5b-b3c7-56b7e0e1d367"
"684e9557-6674-4a61-aeae-22d7f16705bd","doctor","ab6b682f-21cd-465a-9cb5-7f613947a248"
"67e89086-5511-4f56-9ec2-02bbece545f5","doctor","1674f6eb-d651-458d-b66a-7354d922013f"
"64b49dc5-3c5a-4f18-a0d4-b8e1e04830a0","doctor","74f9957b-790c-4e88-abe4-d63aaacefc12"
"63092aef-795d-466b-b09d-c98b18c12d78","doctor","1b010a10-8c16-44fd-8590-0b51ecd3bd3f"
"60cbb988-6ed0-4bb6-91db-01f141316744","doctor","eaab1392-9324-44a8-ac07-9e51b3cea4aa"
"60360f11-210e-4cc3-a8a7-6a91b72a2303","doctor","a2cddb79-c02c-4538-a6f7-b13d37d0b5d6"
"5f21b5a2-676b-4477-8007-395254a518fc","doctor","ab6b682f-21cd-465a-9cb5-7f613947a248"
"5b6a1fe8-b964-4db3-afe2-a731f3995c27","doctor","5ef97a02-334e-42a2-8ec5-ddb0d1262d5c"
"5a1aa828-6091-45c2-8f4e-e1cc8d29ed7e","doctor","b5acd008-1ca2-447c-8f76-98d8fe6f282c"
"56b2bbec-4468-48a9-b2b8-53de45ce8e65","doctor","ab6b682f-21cd-465a-9cb5-7f613947a248"
"56aa7e30-cf26-45b7-952c-769ed5e25149","doctor","ab6b682f-21cd-465a-9cb5-7f613947a248"
"54ff0933-e9f9-48a3-a5cd-f307f558cf79","doctor","3c6315cf-8efe-4003-a326-47b8b61673c4"
"512d71b0-2c70-443f-a1ce-672cb96f4dc3","doctor","ab6b682f-21cd-465a-9cb5-7f613947a248"
"49f8f221-c99f-400d-b940-b5a53f3556b0","doctor","ab6b682f-21cd-465a-9cb5-7f613947a248"
"47fae896-e260-4f24-9d95-30634afde974","doctor","1674f6eb-d651-458d-b66a-7354d922013f"
"449fdc36-6dd7-4181-b72b-cdb55a81e80f","doctor","bc2fe789-b274-4754-965d-75fc82a79e15"
"43d97950-3e9d-4f91-92d1-3bdc74284707","doctor","ee173ff0-235a-4511-bbc7-bfda9a0dd95a"
"430eabb1-d0e0-47ad-9ff0-d0fea770203a","doctor","4c095d56-a0e2-4b32-919b-ab7177522bdd"
"411334e8-b0d1-460c-9571-0966e9dfbd77","doctor","d0940be2-512b-4dbf-b0a2-42fb89f36baf"
"405d77c6-afa9-480c-afd9-21966205b20f","doctor","f5d1312a-c2e6-47e7-80c7-68b429e14f9b"
"38d214c3-b340-4b95-9044-033094433cff","doctor","74f9957b-790c-4e88-abe4-d63aaacefc12"
"376e6cd7-4de6-488f-8f40-4fc0f576e33d","doctor","ab6b682f-21cd-465a-9cb5-7f613947a248"
"34891fdd-b367-4b69-ad29-49d58ce698fa","doctor","ab6b682f-21cd-465a-9cb5-7f613947a248"
"30d44a59-28e1-4087-b496-35eddfba43c1","doctor","5c673210-662f-4a34-abb1-d7c552028382"
"2e9e5e0f-1c63-4671-9ab0-9144d3a2ccd4","doctor","247741ce-c46e-420c-a3c3-cb54267355e8"
"2c86e16c-9c6a-4169-8032-126280f170a2","doctor","ab6b682f-21cd-465a-9cb5-7f613947a248"
"27519339-10a2-4d6c-86cf-534a95704d07","doctor","46278821-39aa-507b-9400-cdc6c6f9b33a"
"23b462ac-babc-4785-9437-d8af6cd8a06c","doctor","a9d1c8d8-388d-4f1a-af06-d7af95d00ff9"
"23686eef-2554-4c36-a496-6ab711c39c9c","doctor","f5d1312a-c2e6-47e7-80c7-68b429e14f9b"
"1e209d86-f9a6-445a-9ebb-d3984ec95c8f","doctor","a581285c-35e0-43e1-be71-734cf49f551d"
"1d976d9a-9c41-4700-a0b9-ae9e18fbb7ed","doctor","14c253db-e4fc-40c9-b9a4-cc8d0d6e3384"
"1d2e492a-9687-4f98-b302-945ea9e314bd","doctor","256fefc6-ed78-4b6f-8132-7d604bc76b83"
"1c9edb2f-fb69-4434-a9f7-3772ce428a07","doctor","cbae2fb5-6d74-47f3-b456-006d434e6088"
"1c23cb28-ca5e-4861-ad0b-dcd897bdd95e","doctor","ab6b682f-21cd-465a-9cb5-7f613947a248"
"cd266460-c145-4e4c-a885-42ae3a135e06","doctor","7985166b-b99d-42ed-9511-e1e05c56ac1d"
"171eb795-f6fe-422a-bfbb-60106376ef16","doctor","5ef97a02-334e-42a2-8ec5-ddb0d1262d5c"
"12985e11-fdc2-41c5-8afc-89271098b07f","doctor","cc99aab7-81f6-4feb-b0fe-e64ba6de54b8"
"11d0e071-a079-434f-8772-c351daac6d92","doctor","88097684-1c3b-47cc-b121-4a623af8bafd"
"10b439ca-b67c-4593-9711-d5b688c90f63","doctor","1710cc72-ca9d-440e-819f-326e96962fce"
"0d2917b8-85e8-455a-ae7d-ca966c826c2a","doctor","ab6b682f-21cd-465a-9cb5-7f613947a248"
"0c1ecc5f-8542-4aba-a901-f90ab8295a56","doctor","5ef97a02-334e-42a2-8ec5-ddb0d1262d5c"
"08a3450f-0dc7-460a-b5ad-85fd3ff4bcfe","doctor","ab6b682f-21cd-465a-9cb5-7f613947a248"
"039842f8-bf84-4efb-8aec-274a767dfc7c","doctor","9d52f6c8-e9f0-4551-97dc-3b661da08fc3"
"086f928f-906a-43ce-b56f-3d04ed4d5273","doctor","bc3a880a-62e7-4084-9392-b35b95dc9bf9"
"fbbad651-5b23-4412-ab12-b130b0ff3772","doctor","e26e958c-cb74-4b03-a4fd-d0659b9437aa"
"fe246809-4df0-4025-a186-37a211277ed4","doctor","34981a17-f903-40d1-86df-a9e02320cfe8"
"d12fd19f-57d0-44fd-bb55-5e2561f4d6de","doctor","32ca13f4-03a4-4b8d-8498-3784849dbe5f"
"f937dc6b-0667-46ce-9d19-48ff8792f018","doctor","23cc2ba2-4409-4cc1-8243-749ec06b524a"
"ed9aad8c-bc31-48c3-85b0-78d40d713e84","doctor","4d6a1b6c-4b02-4aba-8950-d423d7991aff"
"7ae9d9e7-c59c-4a61-9a37-426e2671aeeb","doctor","4b0dc4a5-5b9b-4072-afaf-481f71a7e94e"
"43af46d2-45cf-4bad-8041-7109e5a17b43","doctor","f718fa83-e7f2-4a4d-a9dd-19aa58114b7f"
"fb9d8d32-5ef7-4fb3-a09c-640457213370","doctor","74f9957b-790c-4e88-abe4-d63aaacefc12"
"564272d3-4049-4a7f-a24c-1004aad9b6d0","doctor","1af265c6-6b76-44a5-8f1a-16d3ec130ba9"
"f41074db-39e9-4a9c-bfaf-6f2c949bacc2","doctor","1041e5c4-fac5-47fd-8867-39470d6c7d82"
"fa9a7fce-eb43-4b76-98c2-cc56dae2cc61","doctor","71521279-9a1e-4450-ae1c-2bbdfb50454e"
"f542e57f-d36e-4163-b630-40f5c72e408d","doctor","a88a2377-ca70-4af2-973a-af50f638c08a"
"f221c9c3-018d-424a-8cae-fc52e5feb948","doctor","23cc2ba2-4409-4cc1-8243-749ec06b524a"
"eeb9fb27-4c82-4b90-b6bb-72bc36601bd5","doctor","dda6a5ee-3742-404d-9917-693d67781515"
"eaffc276-e125-462c-9b4a-789f762411e8","doctor","32ca13f4-03a4-4b8d-8498-3784849dbe5f"
"e7dfd60e-6993-4ce4-a96e-3e28eb31319e","doctor","e26e958c-cb74-4b03-a4fd-d0659b9437aa"
"e3de3751-60f7-4213-afb2-ede5ca7071d1","doctor","bc12a5c8-8f03-46c3-957d-019af49a98d9"
"dfb9dbfb-cfb7-498c-a09a-359a7c5864e2","doctor","7673ff9f-857c-4abc-8c83-c44e4a31fc30"
"cc3f625d-69d6-4912-879a-701ce8100bec","doctor","e0a16d8c-3b12-44b9-8c51-1f42f5b08dc1"
"d2f91b82-08a2-4cb5-a61b-61b68d999d92","doctor","33f68b54-d867-450c-8755-1bb473f2ead2"
"cae85475-4d28-430f-a953-0a24c1e94fd0","doctor","74f9957b-790c-4e88-abe4-d63aaacefc12"
"ca42b111-0ba4-4ca7-8c0b-b847ca6e8e9d","doctor","a88a2377-ca70-4af2-973a-af50f638c08a"
"c9c1f86c-d486-48a1-8e96-971a5a501d49","doctor","ef7050f5-2279-4c54-8348-a825037ae478"
"356978aa-3600-4c62-b001-42ac5fd729cd","doctor","71521279-9a1e-4450-ae1c-2bbdfb50454e"
"c86d5c82-3c28-4ab2-b3de-8f0eba58bae5","doctor","4d6a1b6c-4b02-4aba-8950-d423d7991aff"
"c789fb77-4f40-4d36-abe5-31359e5af6b0","doctor","34981a17-f903-40d1-86df-a9e02320cfe8"
"b92b53c2-0c97-44d7-9fd0-5489cc821efd","doctor","33f68b54-d867-450c-8755-1bb473f2ead2"
"b6b0cfe2-0406-44c3-a890-28a8227c963f","doctor","e26e958c-cb74-4b03-a4fd-d0659b9437aa"
"b4ccf03b-4e87-47c1-9fd4-800ea552287a","doctor","34981a17-f903-40d1-86df-a9e02320cfe8"
"b4b11c2a-379d-43d5-9d12-6abb678dce75","doctor","dda6a5ee-3742-404d-9917-693d67781515"
"affdf65d-bcee-4dea-9b8b-805cbf8fd714","doctor","ec55e13e-edff-4861-989a-017f08b7f049"
"ac832eb2-ad49-4926-84c5-e7d903378d0e","doctor","7673ff9f-857c-4abc-8c83-c44e4a31fc30"
"ab5ab8d2-ac2e-4584-ac1c-2fbde60bcba7","doctor","a88a2377-ca70-4af2-973a-af50f638c08a"
"aa7dfc55-59f1-45fa-be4c-3e3b3b26ad5a","doctor","71521279-9a1e-4450-ae1c-2bbdfb50454e"
"a7da5364-9f0f-4312-a3f0-cf979f99bf02","doctor","33f68b54-d867-450c-8755-1bb473f2ead2"
"a5dd0107-b6e2-4371-8ce4-3637b7f08e97","doctor","71521279-9a1e-4450-ae1c-2bbdfb50454e"
"a577884d-92e3-4a9d-94f8-f90aea591031","doctor","4f0b8845-4024-46b0-89b5-1671c9a3c3dd"
"a0ab4f71-26f6-45c6-bffd-bc6b417af1bf","doctor","2e29d4da-ecbc-41ae-8538-83a414ff59b9"
"a016afe3-1d2a-440b-a338-5e951d64ca7c","doctor","dda6a5ee-3742-404d-9917-693d67781515"
"9dced1a1-52aa-4bf4-964d-45c83ecd4667","doctor","dda6a5ee-3742-404d-9917-693d67781515"
"9b06b869-dc92-4b94-86ec-1e25a6f1f73e","doctor","71fbdf19-3a77-4499-8969-0a55ffe4025d"
"97ec6910-fe78-421e-8d9d-0054bab69bd4","doctor","a88a2377-ca70-4af2-973a-af50f638c08a"
"8cc7346e-e58c-4065-b49a-a55290bbda85","doctor","ab362fc1-9702-4a6e-989b-110f188ee5de"
"6e1364d8-9a73-4713-a801-96fcba2ced8f","doctor","ab6b682f-21cd-465a-9cb5-7f613947a248"
"7e5f5bfb-a5fd-4ce6-ab1b-8e8d8c987c71","doctor","2e29d4da-ecbc-41ae-8538-83a414ff59b9"
"783f5d2e-329b-48af-93e1-4ecdf6b0b236","doctor","dda6a5ee-3742-404d-9917-693d67781515"
"710c4b52-f3b9-4b07-8cb4-4ec7d44680a9","doctor","74f9957b-790c-4e88-abe4-d63aaacefc12"
"6e73dde8-439c-44f0-9a8d-7c65e47f78b2","doctor","e26e958c-cb74-4b03-a4fd-d0659b9437aa"
"682b812e-3ffd-4614-addd-d5547393441a","doctor","71521279-9a1e-4450-ae1c-2bbdfb50454e"
"54b131f8-188d-4bf3-8903-4a7928a6e9b3","doctor","4135f194-7cf4-49bd-86f1-d26653096ede"
"5b52e1fd-5ddd-4b96-9835-39d3c63a672c","doctor","74f9957b-790c-4e88-abe4-d63aaacefc12"
"587a6817-9d23-4a48-a3be-4f6ab169b218","doctor","2e29d4da-ecbc-41ae-8538-83a414ff59b9"
"581f1031-5542-400c-9fe8-eb8b2c9eeb7f","doctor","2f3b3273-c73a-4b5b-9e35-7e266ea13282"
"562b0629-425b-4a42-a8b9-e521f64f4267","doctor","5ef97a02-334e-42a2-8ec5-ddb0d1262d5c"
"54b0a29d-b3b3-4be8-806f-6f5ec93eaf48","doctor","71fbdf19-3a77-4499-8969-0a55ffe4025d"
"4f340056-eba3-467f-af2e-eba53a7f8f20","doctor","71521279-9a1e-4450-ae1c-2bbdfb50454e"
"1ef15f6b-4ac0-4ece-87b1-a2d4bde08e8f","doctor","a581285c-35e0-43e1-be71-734cf49f551d"
"4a743989-b2b9-4209-9459-e16024969790","doctor","7985166b-b99d-42ed-9511-e1e05c56ac1d"
"49eee922-d930-4af5-94ee-7b8ba93f73db","doctor","256fefc6-ed78-4b6f-8132-7d604bc76b83"
"48dae6c8-d0be-49b6-b8b5-2c92dd57c76e","doctor","dda6a5ee-3742-404d-9917-693d67781515"
"419e9762-e03a-4b58-ad5c-11c2a1251de8","doctor","74f9957b-790c-4e88-abe4-d63aaacefc12"
"3e72d0ac-191f-4e4b-b68a-1d0069cd6f39","doctor","d759bf6b-f3ad-4d44-8522-ac94e5c4c7b4"
"39ab63da-b6d5-49bd-8b63-c6cf5c4aef14","doctor","a88a2377-ca70-4af2-973a-af50f638c08a"
"38614e75-b9ec-4cda-b1d5-9c80b5a9db12","doctor","c7be1006-5c5f-419c-bd8b-3769cd9e2773"
"32e6fa29-0e90-478a-9234-01c6325f6e18","doctor","33f68b54-d867-450c-8755-1bb473f2ead2"
"31e22c8e-8e16-40b4-8b33-87b14950f516","doctor","74f9957b-790c-4e88-abe4-d63aaacefc12"
"30db20e0-a79f-433c-bfa6-883ee48635ba","doctor","7673ff9f-857c-4abc-8c83-c44e4a31fc30"
"2ff7bedf-af18-4ecb-a3d5-69b17c727e56","doctor","a1380cf6-90b0-42f9-9722-0333c977c800"
"2fb4a90a-b2a8-4365-a776-e1d7ae634635","doctor","dda6a5ee-3742-404d-9917-693d67781515"
"2dc2cbfa-9279-4b84-b40f-471424ca28ea","doctor","dda6a5ee-3742-404d-9917-693d67781515"
"28a29594-d4dc-4865-aa2e-34299fed1a7a","doctor","4d6a1b6c-4b02-4aba-8950-d423d7991aff"
"266108a3-26d4-4077-b513-4d84ce6603e6","doctor","71fbdf19-3a77-4499-8969-0a55ffe4025d"
"214d1331-36fb-4ebd-bd7f-3208a96da0fe","doctor","a88a2377-ca70-4af2-973a-af50f638c08a"
"20c41bb5-3748-4bca-8291-df7538f660ef","doctor","1674f6eb-d651-458d-b66a-7354d922013f"
"ff6c40e8-4d4b-4f9e-b28a-b0b905cd2365","doctor","bc12a5c8-8f03-46c3-957d-019af49a98d9"
"1b1df6f9-43fc-4d89-9767-1f8d40310707","doctor","74f9957b-790c-4e88-abe4-d63aaacefc12"
"1255b3e2-23da-4cd3-97ad-41952f91faa3","doctor","e26e958c-cb74-4b03-a4fd-d0659b9437aa"
"f166ee49-14ab-449b-b3d5-40b9a00b31bb","doctor","00274eb3-d009-47dd-992f-0f4e80b28ace"
"0f80a2ca-fcd7-46ac-b97f-e0ba9dc47e27","doctor","355de5a5-5cb5-4c60-be5a-a8a68a99aa88"
"0b68d231-a6f3-4a64-b66f-baec8f88d21a","doctor","a9d1c8d8-388d-4f1a-af06-d7af95d00ff9"
"0a4a1ce4-1f98-44ae-b00a-5402bac478f5","doctor","5ef97a02-334e-42a2-8ec5-ddb0d1262d5c"
"0867ecdb-03ff-4206-8676-908aa40572e3","doctor","20e9c0af-3fb7-4223-863c-2bcbf4e72ceb"
"078cd2e8-3a26-4549-9989-b309c552e55b","doctor","2f3b3273-c73a-4b5b-9e35-7e266ea13282"
"f3c1b201-1f35-4306-9d0d-8b35769152cb","doctor","4135f194-7cf4-49bd-86f1-d26653096ede"
"07204041-15de-4df8-be4d-121b2da0c8de","doctor","bc12a5c8-8f03-46c3-957d-019af49a98d9"
"071e4e94-f3eb-4717-a691-1a4000274d30","doctor","7985166b-b99d-42ed-9511-e1e05c56ac1d"
"06689f8b-4955-4bac-b052-9026b56a1871","doctor","a88a2377-ca70-4af2-973a-af50f638c08a"
"0603a0e6-a4c2-439a-a6ba-9d0daae091a8","doctor","e26e958c-cb74-4b03-a4fd-d0659b9437aa"
"02ce938a-7872-4a29-96c6-3326121b34c7","doctor","7985166b-b99d-42ed-9511-e1e05c56ac1d"
"01ac4ccc-7c00-4c8d-ad31-89b92dfc234f","doctor","e26e958c-cb74-4b03-a4fd-d0659b9437aa"
"87f485fa-3f21-4bf0-9dcd-8568d0fe46b0","doctor","33f68b54-d867-450c-8755-1bb473f2ead2"
"17df3873-6348-44f0-8be7-9d9a20386e1e","doctor","fcb1ddb0-e32b-45f8-920d-41b665bd7534"
"b8e8bf74-68d9-4f8b-9d95-865e247a1141","doctor","e26e958c-cb74-4b03-a4fd-d0659b9437aa"
"7b0f942f-cfc0-45e4-8e13-68c9ee4ad145","doctor","4135f194-7cf4-49bd-86f1-d26653096ede"
"a12203de-6031-4698-8034-0eeb55d853bd","doctor","87e7396d-a27b-4857-939d-a961ba5d690e"
"1e45e65f-04b5-4f98-b5d1-c1138cb6079c","doctor","5a5f24be-f78f-45b9-b428-e9c2d9e98dba"
"871298da-de25-4bc8-b8e3-822e442b68b3","doctor","7032d6cb-ca4a-4a1f-9809-4be9b50e6644"
"bd96d741-32fe-4aec-aef4-5e33b5c8f556","doctor","4135f194-7cf4-49bd-86f1-d26653096ede"
"a1bb0583-137f-444f-8533-28612773e20f","doctor","2f3b3273-c73a-4b5b-9e35-7e266ea13282"
"ef04f7e6-7a58-4de9-a66d-2e31382b97ca","doctor","fcb1ddb0-e32b-45f8-920d-41b665bd7534"
"cc3be7e7-97c3-4a62-8bde-acb19d22c309","doctor","bc12a5c8-8f03-46c3-957d-019af49a98d9"
"4bbb442d-6b58-47c7-b7ea-c95d8159e2e9","doctor","2e29d4da-ecbc-41ae-8538-83a414ff59b9"
"e46ea66e-a6fc-406a-b62a-4e9d842239c5","doctor","bc3a880a-62e7-4084-9392-b35b95dc9bf9"
"ce3d26e7-7567-4c66-8013-6c1d64aaca40","doctor","33f68b54-d867-450c-8755-1bb473f2ead2"
"36d8b943-b66d-4eab-b67e-6680f39231ff","doctor","71521279-9a1e-4450-ae1c-2bbdfb50454e"
"4852ed7c-6c46-4f84-8786-ecae1e9356c5","doctor","2ca5ef9d-fd06-4f54-81e4-4d033727b36e"
"f6051b5a-080b-49b2-9d3d-5cf6ef8d3c74","doctor","4135f194-7cf4-49bd-86f1-d26653096ede"
"0d55434a-7644-4265-a73a-ab1e4d41f07a","doctor","33f68b54-d867-450c-8755-1bb473f2ead2"
"fc89b1eb-e3f6-41f4-810c-261ff1129471","doctor","2e29d4da-ecbc-41ae-8538-83a414ff59b9"
"43d07eeb-2809-4897-8939-9d2e026086da","doctor","0a9b1146-c158-4701-8147-37d45e38bc77"
"49c8770b-9967-44a9-9719-ec40fc18be59","doctor","eb0ac372-1263-49ab-97ef-86efe6cae437"
"ea96c2cd-56d3-40e4-b63f-2e4f581c9928","doctor","4a1c1f7a-864a-4b37-9125-b22d9856aadb"
"95ec98d0-d3fd-4b11-9839-e60c3b6698f5","doctor","33f68b54-d867-450c-8755-1bb473f2ead2"
"c4bd822b-4cb9-49c2-95fb-30dcb6123b73","doctor","49cecde9-1e0d-466b-986a-e6995845f526"
"8142a7b8-1ca6-474c-a1db-8dd4f6e57890","doctor","2e29d4da-ecbc-41ae-8538-83a414ff59b9"
"20751453-875b-4f96-9393-d0b68cde7e35","doctor","5e958760-d576-4601-bd0a-6acca6fe42a5"
"cd7de141-7b73-4e38-80f0-8973d2d6a347","doctor","2f3b3273-c73a-4b5b-9e35-7e266ea13282"
"7eb8c4f1-424c-4c3c-b33b-5b3cc0a3ede5","doctor","2ca5ef9d-fd06-4f54-81e4-4d033727b36e"
"0aefd71e-b92d-43d6-9787-d3e1e5d300c8","doctor","ed370018-f850-4fd8-931c-5fe0552e95df"
"eef1124c-0357-4f4c-8fc7-0b1f98d8e0ff","doctor","f718fa83-e7f2-4a4d-a9dd-19aa58114b7f"
"b52ab621-8c6b-41ba-9b5b-5d6afadd9a77","doctor","7673ff9f-857c-4abc-8c83-c44e4a31fc30"
"bb91e07b-6d20-46cd-a987-9ea92ef34b4a","doctor","7673ff9f-857c-4abc-8c83-c44e4a31fc30"
"6d2b451a-a1dd-4e82-8aca-c66359d60389","doctor","d7999f7c-d9f3-4f61-8ffc-b2f805389e35"
"df6199fd-994a-4756-bbfc-7843189a5f7d","doctor","4135f194-7cf4-49bd-86f1-d26653096ede"
"af3b2f61-cbfe-4832-981d-0d18b01e7064","doctor","3fcff6b3-472c-4be2-bd0f-883a7cb7656e"
"8f667139-9ed5-493f-b6a2-1667dc8b9efd","doctor","2f3b3273-c73a-4b5b-9e35-7e266ea13282"
"09aec62b-8a14-4ca9-85bf-5e9f32919d0d","doctor","74f9957b-790c-4e88-abe4-d63aaacefc12"
"68b3a0e7-1263-499d-8361-9a21d36f0fdb","doctor","2f3b3273-c73a-4b5b-9e35-7e266ea13282"
"5ad8fa21-8787-4ed4-b939-eb32b3fb118f","doctor","74f9957b-790c-4e88-abe4-d63aaacefc12"
"3acf6be3-fb59-4059-83d4-53fc8be96c44","doctor","74f9957b-790c-4e88-abe4-d63aaacefc12"
"fdeb1ef0-e17c-44df-884b-61afd38f6404","doctor","74f9957b-790c-4e88-abe4-d63aaacefc12"
"dab1cc00-d588-46ca-adce-c0424c2c309d","doctor","f718fa83-e7f2-4a4d-a9dd-19aa58114b7f"
"8fb9af2e-9cd3-4d14-9217-ce1923339aa1","doctor","2ca5ef9d-fd06-4f54-81e4-4d033727b36e"
"5a4dfbc3-2dc2-4f2b-9119-58ec08971f94","doctor","2ca5ef9d-fd06-4f54-81e4-4d033727b36e"
"0a8dde99-53d5-4ba0-8b44-6803aeba876a","doctor","f718fa83-e7f2-4a4d-a9dd-19aa58114b7f"
"6f7b3be3-0c6d-4b9d-a6e2-a9d11a7dea75","doctor","4135f194-7cf4-49bd-86f1-d26653096ede"
"f3519151-3a35-4573-8131-a359f741c016","doctor","d7999f7c-d9f3-4f61-8ffc-b2f805389e35"
"3a95edd7-3c32-4e1e-be96-8116e7f727d4","doctor","1a1810bb-84bd-46fa-851c-962d7ad5c36b"
"eda6dccc-47a7-4aa2-aa51-32af8d099f42","doctor","d7999f7c-d9f3-4f61-8ffc-b2f805389e35"
"914ef125-db1f-4187-bb1f-9d03f6b8f4fc","doctor","2f3b3273-c73a-4b5b-9e35-7e266ea13282"
"ed4ca3c8-4a01-4332-8e44-91b1f71b233b","doctor","f718fa83-e7f2-4a4d-a9dd-19aa58114b7f"
"c93d699f-b199-45ce-91b4-d9624e54f4e3","doctor","2f3b3273-c73a-4b5b-9e35-7e266ea13282"
"bcf33562-72c4-44c4-b94f-50b9299472d3","doctor","f718fa83-e7f2-4a4d-a9dd-19aa58114b7f"
"caa5f669-761d-4044-ba54-f6989ce4335d","doctor","4135f194-7cf4-49bd-86f1-d26653096ede"
"24f5afcf-45dc-45dd-b9bd-d8119840658b","doctor","2f3b3273-c73a-4b5b-9e35-7e266ea13282"
"b3262a44-fe38-4cae-9112-4ea5047ef522","doctor","f718fa83-e7f2-4a4d-a9dd-19aa58114b7f"
"56ace482-329c-41a2-b387-1440d34bb181","doctor","ec55e13e-edff-4861-989a-017f08b7f049"
"8c191b00-aaef-41c0-8e9f-a30af344eea7","doctor","1a1810bb-84bd-46fa-851c-962d7ad5c36b"
"a4c42273-55de-44f5-8965-bafe2f0a0a0d","doctor","f718fa83-e7f2-4a4d-a9dd-19aa58114b7f"
"867c05e7-39d2-4484-9c4d-291cbdf7f172","doctor","2ca5ef9d-fd06-4f54-81e4-4d033727b36e"
"6fca4654-377c-4a8f-ac62-c3b1a2700d59","doctor","2f3b3273-c73a-4b5b-9e35-7e266ea13282"
"234cea26-7948-4ea2-a31e-c354f5a18eb1","doctor","2f3b3273-c73a-4b5b-9e35-7e266ea13282"
"51bd0859-3651-40d0-9857-85008e6b8bf3","doctor","36a19c30-0e26-475f-b13c-f939108b7c72"
"9f9f7085-cf63-4a21-963b-81911e1c6ccf","doctor","00274eb3-d009-47dd-992f-0f4e80b28ace"
"e1b8eca4-8045-4b3e-b441-986074f423bf","doctor","5be2a211-e4da-4860-935f-6df0cc939f7b"
"271ea89f-634b-4be5-8f74-9258a3350004","doctor","2f3b3273-c73a-4b5b-9e35-7e266ea13282"
"62a16a41-568d-44d9-98b7-2bed34856b9f","doctor","4135f194-7cf4-49bd-86f1-d26653096ede"
"283f873b-156d-4dfe-86a0-4f7a040dde52","doctor","5a1a6fbb-5bdd-43c3-99c7-69fc2fb41691"
"a6bbb7ff-d016-491f-a52f-4ea603da703d","doctor","4b0dc4a5-5b9b-4072-afaf-481f71a7e94e"
"571ae9c1-c3be-42e2-877a-04b1ffc37af1","doctor","4135f194-7cf4-49bd-86f1-d26653096ede"
"24dbcc23-c899-4539-8906-782ae2e1c8e7","doctor","ed370018-f850-4fd8-931c-5fe0552e95df"
"45511acf-108f-4788-aa66-0cad0eb65613","doctor","71521279-9a1e-4450-ae1c-2bbdfb50454e"
"06faa9d4-555a-4d17-bb4a-32504232f81c","doctor","71fbdf19-3a77-4499-8969-0a55ffe4025d"
"ea46699c-7d16-43c2-9984-a323cf61c664","doctor","4b0dc4a5-5b9b-4072-afaf-481f71a7e94e"
"93e5ac38-00fa-469c-8748-70622826ec76","doctor","f718fa83-e7f2-4a4d-a9dd-19aa58114b7f"
"2b82a8d7-7a20-4dcc-b15f-d4975eb996c3","doctor","7d67676c-4c4f-4d45-b511-2c476afd8e54"
"ef621aee-0beb-4959-8f30-666e99a055de","doctor","32ca13f4-03a4-4b8d-8498-3784849dbe5f"
"7aa702e1-3590-4cac-b5d7-1e74d08b9ee9","doctor","5a1a6fbb-5bdd-43c3-99c7-69fc2fb41691"
"ae75aede-87db-4612-b152-0b448a8369c6","doctor","71521279-9a1e-4450-ae1c-2bbdfb50454e"
"c7943c72-adde-46d7-9d12-cb5215744021","doctor","1a1810bb-84bd-46fa-851c-962d7ad5c36b"
"1285e522-b35f-4246-bfba-d677cf1b6437","doctor","5be2a211-e4da-4860-935f-6df0cc939f7b"
"bf759036-020d-4d6c-b61e-5b5f66927e33","doctor","71fbdf19-3a77-4499-8969-0a55ffe4025d"
"53b63bd5-9633-45ac-9c7a-976b08483dbb","doctor","5e958760-d576-4601-bd0a-6acca6fe42a5"
"4f46491f-68ef-4950-be61-7b1447e9a75c","doctor","2f3b3273-c73a-4b5b-9e35-7e266ea13282"
"098678e9-a74f-40ec-b040-cfc62b8559fc","doctor","5be2a211-e4da-4860-935f-6df0cc939f7b"
"c549c48e-6e3e-4209-9f42-ead2a964352c","doctor","1a1810bb-84bd-46fa-851c-962d7ad5c36b"
"8a7512ff-481c-4f34-8960-6df4e6964c30","doctor","4b0dc4a5-5b9b-4072-afaf-481f71a7e94e"
"dd33f9ec-c892-45f2-a23c-e18cba70cde2","doctor","1a1810bb-84bd-46fa-851c-962d7ad5c36b"
"db9d655e-0857-451b-af0d-75f3c0e5700c","doctor","903f098d-9994-428d-913f-eea702270933"
"c81e8401-0204-421d-afb9-6f84a711fa56","doctor","789f1b0c-31b1-4d80-bfaa-9021d2086258"
"a3b8e177-2002-4be6-a9bb-0424bf60c59e","doctor","1a1810bb-84bd-46fa-851c-962d7ad5c36b"
"ada57d84-8a11-46d0-bbfc-5729b1ec7744","doctor","f718fa83-e7f2-4a4d-a9dd-19aa58114b7f"
"d1b282e0-7b95-4dd6-8929-53aadefc74bb","doctor","f718fa83-e7f2-4a4d-a9dd-19aa58114b7f"
"68f57733-3374-488d-af34-632bb8ddb0c3","doctor","71521279-9a1e-4450-ae1c-2bbdfb50454e"
"4d8fe26c-75a9-4973-a533-82ac29b05d3e","doctor","1a1810bb-84bd-46fa-851c-962d7ad5c36b"
"b82c31d6-4040-4847-8d23-73a1dc177ce4","doctor","1a1810bb-84bd-46fa-851c-962d7ad5c36b"
"300c1131-27e9-454d-a17b-11b1a6d3d4af","doctor","71521279-9a1e-4450-ae1c-2bbdfb50454e"
"df161b57-16c7-4ada-99a7-0485f538755f","doctor","4135f194-7cf4-49bd-86f1-d26653096ede"
"aa47422b-b9c3-44f6-9a51-77f71d0141e2","doctor","1a1810bb-84bd-46fa-851c-962d7ad5c36b"
"b2d4b7d7-1c0e-4b47-be12-df4afd8e2b33","doctor","bc3a880a-62e7-4084-9392-b35b95dc9bf9"
"0dba029b-85f6-47ea-9874-177b5633a68a","doctor","f718fa83-e7f2-4a4d-a9dd-19aa58114b7f"
"c612a763-728e-4b7d-9006-b46aece70241","doctor","1a1810bb-84bd-46fa-851c-962d7ad5c36b"
"fda89cba-c334-492f-9b6e-ac3f9ee35bda","doctor","4b0dc4a5-5b9b-4072-afaf-481f71a7e94e"
"03b10b9b-5e11-416e-97fd-95c90ada14e3","doctor","f718fa83-e7f2-4a4d-a9dd-19aa58114b7f"
"eba0f417-c5b8-472f-9a88-a589807da12e","doctor","4135f194-7cf4-49bd-86f1-d26653096ede"
"f86a7ebe-065a-407a-944f-0f0468768611","doctor","f718fa83-e7f2-4a4d-a9dd-19aa58114b7f"
"fb59d747-6b59-4689-95b3-3e949429f6b9","doctor","33f68b54-d867-450c-8755-1bb473f2ead2"
"d752d245-9375-4e7e-bb46-faafeeff8b69","doctor","71fbdf19-3a77-4499-8969-0a55ffe4025d"
"380f58b3-f1a2-4941-aa4e-8afb51552e1a","doctor","1a1810bb-84bd-46fa-851c-962d7ad5c36b"
"da514fc0-a7ce-4616-9285-88b9a34f01f7","doctor","1a1810bb-84bd-46fa-851c-962d7ad5c36b"
"226207a9-8210-4569-a1ac-f672b48d556c","doctor","1a1810bb-84bd-46fa-851c-962d7ad5c36b"
"69a72e74-a902-46f5-a128-a62ae362d4f1","doctor","1a1810bb-84bd-46fa-851c-962d7ad5c36b"
"6f9f0a00-3824-46ac-b085-fa8d008abfb8","doctor","20365827-891d-440f-97e2-fda8d4893848"
"630c1422-bdc7-4e83-9830-566fd708cf88","doctor","4b0dc4a5-5b9b-4072-afaf-481f71a7e94e"
"db1f5681-295f-4576-8377-7895b20d653a","doctor","4a1c1f7a-864a-4b37-9125-b22d9856aadb"
"38e0bfa0-fc4e-429c-8429-337f4153d424","doctor","f718fa83-e7f2-4a4d-a9dd-19aa58114b7f"
"fbf35d06-bc6c-4da5-a8b4-0dc19c60469c","doctor","5be2a211-e4da-4860-935f-6df0cc939f7b"
"aab6ffa2-7ce0-4888-83f0-5fc89c440beb","doctor","71521279-9a1e-4450-ae1c-2bbdfb50454e"
"29ae036b-9f8c-478c-996b-1c4a54e14a1e","doctor","7032d6cb-ca4a-4a1f-9809-4be9b50e6644"
"14fb6427-1519-488f-868d-bdb16011e01f","doctor","1a1810bb-84bd-46fa-851c-962d7ad5c36b"
"4cddb78b-cbe2-4153-9939-a423a118a02f","doctor","903f098d-9994-428d-913f-eea702270933"
"bc8d9da7-f1e4-4682-90f5-168c6b7eb820","doctor","4135f194-7cf4-49bd-86f1-d26653096ede"
"33f79beb-c20f-4a0b-851e-1a031f624209","doctor","1a1810bb-84bd-46fa-851c-962d7ad5c36b"
"20e94802-1844-4dc2-b4b0-13e2ffb24537","doctor","4b0dc4a5-5b9b-4072-afaf-481f71a7e94e"
"ef4e2440-8297-47ef-856f-87672d10dbab","doctor","4135f194-7cf4-49bd-86f1-d26653096ede"
"96210673-8a9d-41fb-9ff6-90ee2d041af6","doctor","20365827-891d-440f-97e2-fda8d4893848"
"b86a2a7e-f70b-4f94-b529-d5e03b4b5643","doctor","4135f194-7cf4-49bd-86f1-d26653096ede"
"e12bccb2-255d-4748-9de2-415b075c145f","doctor","4135f194-7cf4-49bd-86f1-d26653096ede"
"9eae8862-5248-4da9-9288-644736167eec","doctor","1a1810bb-84bd-46fa-851c-962d7ad5c36b"
"dd1c43b6-ff83-4ebf-b4b0-de2f44ea2b97","doctor","f718fa83-e7f2-4a4d-a9dd-19aa58114b7f"
"fca1413a-d4c1-4e94-9362-36db24f6b2aa","doctor","a581285c-35e0-43e1-be71-734cf49f551d"
"b794613c-90b9-40bd-b659-f5885da3e98a","doctor","4135f194-7cf4-49bd-86f1-d26653096ede"
"ecb07c1f-1061-457b-9564-1f83eb90d5b3","doctor","5be2a211-e4da-4860-935f-6df0cc939f7b"
"803c7281-c429-473e-90bf-29695cb604cd","doctor","70d4871e-fe2e-4ba6-bd29-6d56591f6cf4"
"8e2f5d2a-dc56-4c87-b575-cf81b5bc10aa","doctor","2f3b3273-c73a-4b5b-9e35-7e266ea13282"
"7e904de1-06a0-4d2f-b829-50dfd4954f4a","doctor","20365827-891d-440f-97e2-fda8d4893848"
"aa36b2d9-f5e7-4d6b-b4af-33ebe2a8408e","doctor","23933939-133b-414f-aa37-e37f58d1ee0d"
"a0c2adca-80cd-411d-8a94-eb0f9170403c","doctor","5bf687e9-9ba5-4745-af41-81f5c5527553"
"def58e46-04e5-42fc-98df-6316dcec2508","doctor","c89a5840-6373-4c4e-9a11-35573de4ede5"
"98c54a72-ec66-4122-bbdd-26837035abf6","doctor","de117e97-2497-4daf-9f56-f48bb7749a39"
"fd598a33-cb54-486c-8962-fcd27a1aebdd","doctor","0a9b1146-c158-4701-8147-37d45e38bc77"
"6442a7d1-aa80-4fe2-b3bb-6c9868f12ed7","doctor","5be2a211-e4da-4860-935f-6df0cc939f7b"
"abeba21c-c4e4-4f9f-8dd5-8007148b999f","doctor","5be2a211-e4da-4860-935f-6df0cc939f7b"
"35a861b1-0169-49d8-ba1f-827ba924d75c","doctor","5be2a211-e4da-4860-935f-6df0cc939f7b"
"529ad3bc-25dc-44f3-8ede-e117784b39c9","doctor","5be2a211-e4da-4860-935f-6df0cc939f7b"
"3771a8df-d2b2-4c5b-a0d9-11692029eb0e","doctor","5be2a211-e4da-4860-935f-6df0cc939f7b"
"509a36e3-e461-4d19-9a21-be73cf5d2107","doctor","767cd6f8-101c-468d-abb4-44b09e9a4a55"
"f85650aa-836b-4807-bff8-c9cb9740dca2","doctor","1a1810bb-84bd-46fa-851c-962d7ad5c36b"
"6936054e-3fe4-45b6-9c5a-58eedff5ddeb","doctor","6baa20d2-ac43-4fe1-9b2e-81fab550a7fe"
"713b953f-2727-4fea-9910-5ee28a4ac48e","doctor","bf5196d6-c875-4547-a9f3-66423dca226d"
"99dfbdbf-455c-46cb-9ff1-c5c5cc6b5d72","doctor","9322020c-42bd-499d-a1c3-6625d588d212"
"990d859f-651b-4f98-b3c4-8e253b10c2a0","doctor","1a1810bb-84bd-46fa-851c-962d7ad5c36b"
"f5252bb5-4bd6-4dc6-83ac-3d828ccde3d1","doctor","d0cc82b4-96d8-47f1-9a4e-92b787f065a9"
"20003ed6-8bf2-41e0-8956-f311d7c2833f","doctor","d0cc82b4-96d8-47f1-9a4e-92b787f065a9"
"2610ec01-ed30-4d02-8086-0b5ffb3f26f5","doctor","3fcff6b3-472c-4be2-bd0f-883a7cb7656e"
"6efa16c2-020d-47af-8322-6e5f06372e04","doctor","53ed0391-9cb7-484f-b5b1-0ee4bf21e5ad"
"5c2dce1f-6005-454d-b675-61d39698c1fb","doctor","2f3b3273-c73a-4b5b-9e35-7e266ea13282"
"770cf72b-a7a1-41e2-81c0-f30882eeade1","doctor","789f1b0c-31b1-4d80-bfaa-9021d2086258"
"873509cd-4db0-4cf7-b271-8d32f4760633","doctor","bf5196d6-c875-4547-a9f3-66423dca226d"
"b4d32f04-8b83-447a-9fc8-6621b8375b70","doctor","eb0ac372-1263-49ab-97ef-86efe6cae437"
"97144bbd-f55b-4405-a6ea-6f7ce724459d","doctor","2f3b3273-c73a-4b5b-9e35-7e266ea13282"
"f5a9b26d-497c-4ee1-baaa-d929937601e4","doctor","5c52f4be-71e7-4527-8214-acc918005a0e"
"c2f7b885-c70a-469c-942d-3d8e2ff70eee","doctor","0e2acf79-74df-4a63-899a-a6394a55b923"
"9d020eba-3bb4-4bac-b875-0ab0e2c3e549","doctor","2f3b3273-c73a-4b5b-9e35-7e266ea13282"
"6da620d7-d7e1-47b6-82b2-122ee97d19bb","doctor","a6228d0e-414c-4a4e-a006-ed1bae3987e1"
"4f4bc201-1448-4f28-81b3-9e40f31a16f2","doctor","a581285c-35e0-43e1-be71-734cf49f551d"
"3bfb6ab0-5840-420d-b4f5-b04760e0f9c6","doctor","07bb3ac5-5a77-4f16-bd7f-38f2c803b0f1"
"b5687fb7-8389-449d-a4e1-1790d790c294","doctor","07bb3ac5-5a77-4f16-bd7f-38f2c803b0f1"
"68ff4aed-8457-46ac-9437-c37c3f023e85","doctor","3fcff6b3-472c-4be2-bd0f-883a7cb7656e"
"a7d7114d-01d3-456a-851b-0d6d8a377142","doctor","3fcff6b3-472c-4be2-bd0f-883a7cb7656e"
"e1a02781-8fde-47a3-b3f4-8b6e7e2e51cc","doctor","3fcff6b3-472c-4be2-bd0f-883a7cb7656e"
"c816b0ab-e9ca-4b97-a15f-521e15751d72","doctor","d48ccb62-19fd-4c9e-b231-c9c1e8f0a338"
"6f339e24-b7c4-46d6-863d-436f5833e73a","doctor","d0cc82b4-96d8-47f1-9a4e-92b787f065a9"
"1ffc3008-f2a3-4b84-9ecb-af72d545314d","doctor","32ca13f4-03a4-4b8d-8498-3784849dbe5f"
"b666e730-b8b9-4d9c-b7a2-43bf11be0488","doctor","6baa20d2-ac43-4fe1-9b2e-81fab550a7fe"
"a87cff58-e327-4287-a868-8c3df1b7761c","doctor","4af45ee1-fd2d-49c6-ae93-9fcd4fd03e73"
"8d06ada4-9ad3-41ef-9e10-8b8e94841b46","doctor","eb0ac372-1263-49ab-97ef-86efe6cae437"
"3ae39a82-0a55-4e28-9d8c-6103a4fd0fd2","doctor","5c52f4be-71e7-4527-8214-acc918005a0e"
"713e319f-a990-41ef-b405-b3525c647ce2","doctor","9d4a2295-2243-4bc1-ad08-6d9e51a7da82"
"3b00c16f-4d11-4354-b72d-f4c2a73789d8","doctor","bd938b36-6bba-432c-b6d6-e81b7931ca07"
"34375f5f-aaf2-4c01-be22-a1dcebf2b3ea","doctor","d48ccb62-19fd-4c9e-b231-c9c1e8f0a338"
"dc2e523f-c6f9-46c4-b5e3-41e630cc5d3b","doctor","93246cec-0c40-450e-af8f-c7ee1f52f8a8"
"9ebd75ac-6811-4ade-8b01-46bea2aa558a","doctor","834419fc-cde1-4f12-b439-f03bb6966e41"
"220190df-8074-4b50-96e6-f0bbcd861bb6","doctor","eb0ac372-1263-49ab-97ef-86efe6cae437"
"90d0eadc-1d56-4c6d-aa59-4b78e4cd138b","doctor","63fb3cf7-ed25-48ee-911c-0522e18722ef"
"46636d8b-f2f2-47d7-abdf-7de6b86580a6","doctor","9d4a2295-2243-4bc1-ad08-6d9e51a7da82"
"a9009bae-e032-4507-ae17-4eb74c50b11e","doctor","fef747ea-6a46-4f72-b787-79ffd42ef14e"
"dab1472c-754c-4b75-aa65-e453db325a57","doctor","0e2acf79-74df-4a63-899a-a6394a55b923"
"40ced8b3-d608-4a16-81d2-607413f912b9","doctor","5c7aff2a-bebc-4684-928a-a7cf0a3b5f23"
"0f9e393c-61da-486d-b540-d3e0079a2f89","doctor","eb0ac372-1263-49ab-97ef-86efe6cae437"
"52a93da0-af75-4424-985f-2a5dc3da557f","doctor","de117e97-2497-4daf-9f56-f48bb7749a39"
"4cc6f9c9-05b7-49c0-90ae-8f68a2e7bd06","doctor","eb0ac372-1263-49ab-97ef-86efe6cae437"
"6d8bd8f2-2e73-4e2f-83b4-e40e8dcb5958","doctor","5c7aff2a-bebc-4684-928a-a7cf0a3b5f23"
"2600c5da-1831-4d76-8cfd-adff4f81ffa1","doctor","53ed0391-9cb7-484f-b5b1-0ee4bf21e5ad"
"70fb6c0a-5d74-403e-9e7f-f3b4d2067953","doctor","a581285c-35e0-43e1-be71-734cf49f551d"
"2404b250-1f41-4bcb-bf72-eb9ecd3f4fc8","doctor","93246cec-0c40-450e-af8f-c7ee1f52f8a8"
"dc9c13e2-547d-4c5a-95e0-988ebb020788","doctor","7dc49f65-50d0-4164-8124-e928c7b5b4a1"
"868f3084-4d5d-407d-88f7-66789e7c92bd","doctor","43d4f637-c042-433b-b3c2-84108b935f2a"
"85ceb70b-e865-4f3d-85c8-cc344c51329e","doctor","4135f194-7cf4-49bd-86f1-d26653096ede"
"66d44ed8-9114-42f1-9bf3-29ff440f929d","doctor","6baa20d2-ac43-4fe1-9b2e-81fab550a7fe"
"9050dc73-a3a7-4e84-acb1-9e416d616a94","doctor","1dca4f83-1083-42de-8236-967955d8a89d"
"7b2fa344-8fde-4283-928a-8192146ffd22","doctor","eb0ac372-1263-49ab-97ef-86efe6cae437"
"58dc00c6-bd25-457a-b508-8a88d9dfc54a","doctor","834419fc-cde1-4f12-b439-f03bb6966e41"
"926fc2c7-c8d4-4d05-b3bd-ef908b453d9e","doctor","573d18a0-0492-4bbb-a52a-573f13485546"
"ccd46345-4434-49aa-8958-a8d8c820e63f","doctor","23933939-133b-414f-aa37-e37f58d1ee0d"
"05765549-3c94-4743-9a9e-32e57d0e899c","doctor","2f3b3273-c73a-4b5b-9e35-7e266ea13282"
"b85b7636-ec45-40ce-9644-dc89aab57136","doctor","4135f194-7cf4-49bd-86f1-d26653096ede"
"d4317caa-0436-4e32-b6de-5cfc7d1702da","doctor","71fbdf19-3a77-4499-8969-0a55ffe4025d"
"5329168e-b4aa-4b67-a877-929673e718ff","doctor","002c8da0-d3ed-4da6-9a5e-3f2a83c168ca"
"89ef7c25-b28c-49bd-82b3-2bb9128ebce2","doctor","4b0dc4a5-5b9b-4072-afaf-481f71a7e94e"
"132f758b-c509-4ef9-af40-8c3f592b522e","doctor","78b10a07-d42e-4ee2-bae4-610003b98e86"
"220d03ce-ded3-421d-ba11-dcae55e8648b","doctor","767cd6f8-101c-468d-abb4-44b09e9a4a55"
"024bf879-1ef8-44b2-b985-ebb0e79792bd","doctor","78b10a07-d42e-4ee2-bae4-610003b98e86"
"c7865efa-d799-4472-ba81-85301260a944","doctor","bd938b36-6bba-432c-b6d6-e81b7931ca07"
"c8dc9e12-1882-43a6-95da-35feae744ef3","doctor","6baa20d2-ac43-4fe1-9b2e-81fab550a7fe"
"b92c3501-48a5-4bfc-aa37-ac07775eacd1","doctor","71fbdf19-3a77-4499-8969-0a55ffe4025d"
"57753d02-fac5-4c25-98e2-b1ee80a8adc0","doctor","4135f194-7cf4-49bd-86f1-d26653096ede"
"8a860368-4a2e-4181-b1c0-b669014d2b85","doctor","71107330-4362-437c-8a7e-a533412cbdd3"
"6db1144c-e002-4c24-a59f-90c6714c6fad","doctor","246d55dc-d82e-4f0d-8cc1-b3f1876f170f"
"f722b4a0-3846-4b1f-a61e-3457a9f68dde","doctor","834419fc-cde1-4f12-b439-f03bb6966e41"
"31dc0826-aa1b-4b0a-8559-ac48d6966d2d","doctor","71107330-4362-437c-8a7e-a533412cbdd3"
"04c84fbf-d359-4b3c-a923-f599ce7bc669","doctor","6baa20d2-ac43-4fe1-9b2e-81fab550a7fe"
"047f5589-8284-4eff-b302-ad643703d8cc","doctor","7dc49f65-50d0-4164-8124-e928c7b5b4a1"
"0176490b-fb07-41ec-8800-4868eb71cf55","doctor","e0b68989-c1fa-4522-b789-24a8aa5607da"
"6d90bd08-7689-484c-b814-779a54bd57fb","doctor","1dca4f83-1083-42de-8236-967955d8a89d"
"383b1518-9d8d-44e5-abaf-2410087051d6","doctor","43d4f637-c042-433b-b3c2-84108b935f2a"
"fd8b04be-fe6e-4989-8a41-169f630cda7d","doctor","bd938b36-6bba-432c-b6d6-e81b7931ca07"
"68a663ba-ecf7-4182-969f-2ba63c8ed34b","doctor","78b10a07-d42e-4ee2-bae4-610003b98e86"
"10725c3f-849d-4d5a-b269-fac8fb9d812f","doctor","4135f194-7cf4-49bd-86f1-d26653096ede"
"e80792a5-c4d1-4897-904a-b82d82072d35","doctor","6baa20d2-ac43-4fe1-9b2e-81fab550a7fe"
"b296ce66-23fa-46c1-ae02-4b9e52e63731","doctor","36a19c30-0e26-475f-b13c-f939108b7c72"
"cd295a74-ff31-4788-af83-c563de650562","doctor","fef747ea-6a46-4f72-b787-79ffd42ef14e"
"dd8c13b7-59d5-443c-8cc4-859c3ebc2f7a","doctor","6baa20d2-ac43-4fe1-9b2e-81fab550a7fe"
"2fe6e155-2198-49a2-a5c6-1c600b544365","doctor","78b10a07-d42e-4ee2-bae4-610003b98e86"
"63a6e37c-cb0b-437a-85c4-a66e2b141726","doctor","de117e97-2497-4daf-9f56-f48bb7749a39"
"1daf0bb0-c3d6-4705-a284-05d23139c99e","doctor","70d4871e-fe2e-4ba6-bd29-6d56591f6cf4"
"7d64cf9d-e902-4faa-bbb8-33929e8ab267","doctor","5e958760-d576-4601-bd0a-6acca6fe42a5"
"405e7cd5-57dc-4f45-a8c0-1f4ed0ca2350","doctor","78b10a07-d42e-4ee2-bae4-610003b98e86"
"f782adac-39fb-40fd-877e-74db318289b3","doctor","78b10a07-d42e-4ee2-bae4-610003b98e86"
"d2356ce8-4f6f-4875-be5c-cd262a1f4612","doctor","1a1810bb-84bd-46fa-851c-962d7ad5c36b"
"dda9ce8c-48e6-4be0-9474-90e5c4dc9332","doctor","c89a5840-6373-4c4e-9a11-35573de4ede5"
"6ef5a934-a5e6-479d-a546-b28b0e29356d","doctor","c89a5840-6373-4c4e-9a11-35573de4ede5"
"feebb34e-4b49-4f5b-8878-de107057b86b","doctor","e0b68989-c1fa-4522-b789-24a8aa5607da"
"8539dad3-85c6-442c-a137-7fd84a87648c","doctor","002c8da0-d3ed-4da6-9a5e-3f2a83c168ca"
"e44024f1-370a-4ed4-8120-261f5f69ec3e","doctor","002c8da0-d3ed-4da6-9a5e-3f2a83c168ca"
"1566405c-9adb-4ad9-a606-c6847f413c6b","doctor","70d4871e-fe2e-4ba6-bd29-6d56591f6cf4"
"616a20d5-9f1e-4a4d-af6c-f34e9e018d77","doctor","002c8da0-d3ed-4da6-9a5e-3f2a83c168ca"
"1717ece1-d2ac-414d-908f-f91290308481","doctor","eb0ac372-1263-49ab-97ef-86efe6cae437"
"6184dd94-682b-4d44-b3d7-d8783bf74370","doctor","dda844d8-1a59-4be6-8a76-592018f5ac83"
"c7fd51c2-d03e-4bad-abbd-e40d70aa8ddc","doctor","002c8da0-d3ed-4da6-9a5e-3f2a83c168ca"
"8216ea88-513e-4043-84f1-a879e989fee1","doctor","1895c224-7659-4a02-b06e-5b10d6eb3780"
"9dbb2f55-afa7-4548-894e-ea4670429a61","doctor","36a19c30-0e26-475f-b13c-f939108b7c72"
"169c8644-991e-4e08-8c0a-3e9cec129858","doctor","de117e97-2497-4daf-9f56-f48bb7749a39"
"a08488df-9a22-427c-a872-0d3b5c28cbb7","doctor","de117e97-2497-4daf-9f56-f48bb7749a39"
"6e4d386d-176d-4c96-a68a-34ee3d7a242c","doctor","0a9b1146-c158-4701-8147-37d45e38bc77"
"8290b83d-9925-4bf3-a6aa-b00cd39e94a1","doctor","de117e97-2497-4daf-9f56-f48bb7749a39"
"2a482ef0-da27-4cdc-aa07-651c8e4aeb53","doctor","1805df4d-3b4e-4306-868a-37b9a09c0bc0"
"bf71daf5-a7f3-4467-a20a-2556a9457767","doctor","6a49bf6d-af59-49cc-9bd0-f4d7d9cd7975"
"ca1a9af6-1eb8-42c6-ab5b-73c4067fc916","doctor","63fb3cf7-ed25-48ee-911c-0522e18722ef"
"efeeaf5c-bb03-4b24-b399-228536874a31","doctor","1805df4d-3b4e-4306-868a-37b9a09c0bc0"
"3ccb216c-ede2-479e-8726-5cfb3f28d450","doctor","0a9b1146-c158-4701-8147-37d45e38bc77"
"3211f1cd-7a1b-4918-9010-892acc2ec79b","doctor","de117e97-2497-4daf-9f56-f48bb7749a39"
"b3f943b0-66c1-4f26-a09d-7358b91bfe7d","doctor","1805df4d-3b4e-4306-868a-37b9a09c0bc0"
"260a14e1-3a2a-4e70-8994-19d4064e048d","doctor","0ad24490-a110-4b2a-ad0a-665365a381c8"
"c635cb8b-24e2-4555-bb09-282269762d45","doctor","535dc15d-4748-48f2-a3b2-e3d70231cf54"
"650f4d08-e321-44ef-a6a3-d8f24742ef15","doctor","0ad24490-a110-4b2a-ad0a-665365a381c8"
"5d8fa8a4-01c2-4669-967c-94029133b0cf","doctor","6a49bf6d-af59-49cc-9bd0-f4d7d9cd7975"
"512336d8-cc90-4a39-bde3-da43f9093cc0","doctor","de117e97-2497-4daf-9f56-f48bb7749a39"
"45d62494-66e2-429b-b747-0e02db2ca5a3","doctor","535dc15d-4748-48f2-a3b2-e3d70231cf54"
"b69b043e-b7e8-4098-8fe8-f6cb31880f7a","doctor","535dc15d-4748-48f2-a3b2-e3d70231cf54"
"391d71b0-1161-4b1f-bab0-a9edc08c4209","doctor","535dc15d-4748-48f2-a3b2-e3d70231cf54"
"7d31f8be-6a8e-4f8a-b929-7f363fc9b0b3","doctor","0ad24490-a110-4b2a-ad0a-665365a381c8"
"074a8e7f-7869-404e-85be-724bc566ea62","doctor","ba6564ff-0709-45ec-a422-809973a7e856"
"1b2b4f2b-354d-4689-a243-be9afe23a252","doctor","0ad24490-a110-4b2a-ad0a-665365a381c8"
"acc26846-654b-4cbd-84a9-d17fd3d14060","doctor","53fd1de6-389f-42d4-9df8-859d47ced74a"
"dd06dd5d-6ff7-475c-97bd-d3641627a08d","doctor","535dc15d-4748-48f2-a3b2-e3d70231cf54"
"0585781e-410b-4111-bcdd-c4648272d75d","doctor","535dc15d-4748-48f2-a3b2-e3d70231cf54"
"5b79da0d-7133-4936-af16-51ef1d301c64","doctor","ba6564ff-0709-45ec-a422-809973a7e856"
"3ae8d08f-8dd6-4a59-a4ae-d508409475d9","doctor","535dc15d-4748-48f2-a3b2-e3d70231cf54"
"f998ea08-a50a-4b95-9cf0-7132e43923ee","doctor","de117e97-2497-4daf-9f56-f48bb7749a39"
"47aef9fe-a0f7-42c9-83c6-b2b1862336e9","doctor","535dc15d-4748-48f2-a3b2-e3d70231cf54"
"71b42088-79a5-4425-a536-6058d8fba4e7","doctor","ba6564ff-0709-45ec-a422-809973a7e856"
"73c9b67d-b5e3-400c-ac1e-b3a4158af8f2","doctor","1895c224-7659-4a02-b06e-5b10d6eb3780"
"ee0039a6-138b-4f66-912b-db8c94c0e9d1","doctor","495ceaf5-4af9-49df-8311-d3c66ef45adf"
"d709dfa1-0ae1-41a6-8318-58ed4966d27b","doctor","1895c224-7659-4a02-b06e-5b10d6eb3780"
"c0f1f890-e632-41bc-be92-6ee8216720c6","doctor","535dc15d-4748-48f2-a3b2-e3d70231cf54"
"55922b15-8df1-4b67-99e5-6779ca1541da","doctor","1895c224-7659-4a02-b06e-5b10d6eb3780"
"8ba8178d-843c-4a5e-80b8-49ebbf7de4f4","doctor","ba6564ff-0709-45ec-a422-809973a7e856"
"f2f71e6c-aa47-41dd-a6a8-1af7ea83bbb3","doctor","de117e97-2497-4daf-9f56-f48bb7749a39"
"989a2702-d6e4-4174-9bf4-0aafcc167144","doctor","002c8da0-d3ed-4da6-9a5e-3f2a83c168ca"
"874a7ced-4d23-462e-b212-301d419b8f98","doctor","535dc15d-4748-48f2-a3b2-e3d70231cf54"
"37cd1d88-2c06-474d-a41d-60082fab873b","doctor","1895c224-7659-4a02-b06e-5b10d6eb3780"
"4074ae0d-3549-44f2-b535-2deef27b6838","doctor","53fd1de6-389f-42d4-9df8-859d47ced74a"
"f5f63eb1-5db1-4b79-aedf-ab012df69d6a","doctor","1895c224-7659-4a02-b06e-5b10d6eb3780"
"8d1dccce-ddf2-4704-b0c4-240913b95cc0","doctor","ba6564ff-0709-45ec-a422-809973a7e856"
"85bc23b2-2f72-4af7-9dcf-5ca009b387d3","doctor","1895c224-7659-4a02-b06e-5b10d6eb3780"
"7df5c98a-ed17-49b2-94e9-e05b99d1e9b3","doctor","1895c224-7659-4a02-b06e-5b10d6eb3780"
"f2700552-405a-49b0-9930-62d9414c6c8a","doctor","1895c224-7659-4a02-b06e-5b10d6eb3780"
"bfcd246e-faeb-4630-8a95-ab7e29c2ed06","doctor","ba6564ff-0709-45ec-a422-809973a7e856"
"31d7c902-0436-4e63-b81d-e6de0e84e040","doctor","1895c224-7659-4a02-b06e-5b10d6eb3780"
"e1ef981a-58fd-436a-8e3f-884442c1d5c4","doctor","1895c224-7659-4a02-b06e-5b10d6eb3780"
"95aed8d8-8d59-4bdd-9a32-42495e4a94bc","doctor","1805df4d-3b4e-4306-868a-37b9a09c0bc0"
"9db7af4e-8a66-499d-bc8e-b100cf7ff22c","doctor","1895c224-7659-4a02-b06e-5b10d6eb3780"
"821c6710-38df-4416-89cb-d36208714943","doctor","1805df4d-3b4e-4306-868a-37b9a09c0bc0"
"f67ed34a-19e5-494a-b838-c0e6bd59cd46","doctor","1895c224-7659-4a02-b06e-5b10d6eb3780"
"5d46b68c-b2eb-4978-b3eb-17af31a070f9","doctor","de117e97-2497-4daf-9f56-f48bb7749a39"
"37bdd994-771a-4c7d-88a5-7eb249313269","doctor","1895c224-7659-4a02-b06e-5b10d6eb3780"
"915c0a6b-f27f-46ed-a952-9fa709d920d5","doctor","ba6564ff-0709-45ec-a422-809973a7e856"
"9d5a1995-ed77-4749-8c9c-2dea962b7abf","doctor","eb0ac372-1263-49ab-97ef-86efe6cae437"
"1b593f02-0cb6-46f4-9f6f-03125f0a38ad","doctor","535dc15d-4748-48f2-a3b2-e3d70231cf54"
"8e3f52b8-bdcf-460a-bafb-ab1c6785a0f2","doctor","1895c224-7659-4a02-b06e-5b10d6eb3780"
"7532b7b5-53af-42da-9208-0579d9076ec1","doctor","0ad24490-a110-4b2a-ad0a-665365a381c8"
"d7f3d0e2-8306-4e44-b633-5a5838d1dcd7","doctor","53fd1de6-389f-42d4-9df8-859d47ced74a"
"e06b777a-8ee7-4202-acdf-ba3c5fbcd27a","doctor","535dc15d-4748-48f2-a3b2-e3d70231cf54"
"cb0ca12a-9582-4d70-bd22-b509ba4237b4","doctor","53fd1de6-389f-42d4-9df8-859d47ced74a"
"b6490a55-ca75-4d4f-aa61-768428b701be","doctor","0ad24490-a110-4b2a-ad0a-665365a381c8"
"dd18bfe7-000a-4d79-831b-8923f3b775a4","doctor","1a1810bb-84bd-46fa-851c-962d7ad5c36b"
"22620842-1c04-484d-b58f-51553790a283","doctor","0ad24490-a110-4b2a-ad0a-665365a381c8"
"b0440549-27c8-49d7-afc2-f24a692cb960","doctor","0a9b1146-c158-4701-8147-37d45e38bc77"
"28914215-c51a-45cf-b303-ea3cd6ec4fc0","doctor","1895c224-7659-4a02-b06e-5b10d6eb3780"
"02a49ee7-f864-459c-8b06-322f0a1ccf76","doctor","de117e97-2497-4daf-9f56-f48bb7749a39"
"4d50b261-f47e-4238-94ad-39002b35678b","doctor","ba6564ff-0709-45ec-a422-809973a7e856"
"3bd2463d-9429-4cb1-a3b8-44cbe4535120","doctor","6a49bf6d-af59-49cc-9bd0-f4d7d9cd7975"
"5802debb-f977-44c2-bb38-fd5335053b80","doctor","53fd1de6-389f-42d4-9df8-859d47ced74a"
"fddc8803-6461-42da-9589-07fcc35e0fa3","doctor","3be1d242-e7f2-4edd-8047-ece84781e2e1"
"99eec89b-e1d7-4c08-bc24-5ad0c679fb31","doctor","1895c224-7659-4a02-b06e-5b10d6eb3780"
"63ce0526-f509-4994-a887-7bfbed6ff269","doctor","03b03e7d-348b-489c-ba96-a6d52b24ab7c"
"82d267e4-2129-46ec-85b0-f3936c71a908","doctor","535dc15d-4748-48f2-a3b2-e3d70231cf54"
"1e1c9fbe-0af3-414a-ad3d-d4ea2fcc46a4","doctor","1895c224-7659-4a02-b06e-5b10d6eb3780"
"838c1446-b29c-43f0-8af6-5a18786f95d0","doctor","0a9b1146-c158-4701-8147-37d45e38bc77"
"b814e7e0-7e01-424b-89cd-ac7c44c3682f","doctor","535dc15d-4748-48f2-a3b2-e3d70231cf54"
"ea06c15c-7ee3-4566-934e-80fd2e76012d","doctor","53fd1de6-389f-42d4-9df8-859d47ced74a"
"0b6f7958-60d2-47be-bfbf-883ddf936db7","doctor","535dc15d-4748-48f2-a3b2-e3d70231cf54"
"ac89c3c6-4a56-4c86-aeb8-3112a60adc77","doctor","3be1d242-e7f2-4edd-8047-ece84781e2e1"
"7230c92b-b82c-48fd-a5fc-271f01588bae","doctor","495ceaf5-4af9-49df-8311-d3c66ef45adf"
"3dcc2f39-3dd4-416e-8846-ae81479819ea","doctor","03b03e7d-348b-489c-ba96-a6d52b24ab7c"
"af664ef5-3aec-47a5-ab59-495d75295dc0","doctor","3be1d242-e7f2-4edd-8047-ece84781e2e1"
"bd78c153-a810-4946-a9f5-b6e54607247c","doctor","03b03e7d-348b-489c-ba96-a6d52b24ab7c"
"d3a47383-ac80-46f1-a134-f1da3f7b02ca","doctor","3be1d242-e7f2-4edd-8047-ece84781e2e1"
"00ef8a9d-5e5c-4b4c-8102-283f6234937c","doctor","ce614a07-9c0e-435a-8dd5-7573fd96020a"
"7ebf42c8-0303-4cca-8bc3-0ef014b636d8","doctor","6a49bf6d-af59-49cc-9bd0-f4d7d9cd7975"
"08778ac1-c1a3-4711-b1aa-7202482a836f","doctor","dda844d8-1a59-4be6-8a76-592018f5ac83"
"dbe36fa0-deb8-4983-8e5e-7f2d383712f6","doctor","0a9b1146-c158-4701-8147-37d45e38bc77"
"57c62eaa-41c9-465f-8603-d263ab96ecfb","doctor","6a49bf6d-af59-49cc-9bd0-f4d7d9cd7975"
"d88bbd15-6fc7-4d94-8f2d-bed494adf1a3","doctor","70d4871e-fe2e-4ba6-bd29-6d56591f6cf4"
"de616664-9200-45f2-b059-2e7ce76825c0","doctor","0a9b1146-c158-4701-8147-37d45e38bc77"
"65004da7-e17f-4dcc-ac8a-3277dd21dde8","doctor","6a49bf6d-af59-49cc-9bd0-f4d7d9cd7975"
"d0a50844-aae8-472a-9c08-184abeaa38e2","doctor","6a49bf6d-af59-49cc-9bd0-f4d7d9cd7975"
"11ab29e3-e272-4ab6-a9ac-d1c33c6d70e7","doctor","6a49bf6d-af59-49cc-9bd0-f4d7d9cd7975"
"5a932e39-c411-40bc-b580-d8d77b6e142f","doctor","6a49bf6d-af59-49cc-9bd0-f4d7d9cd7975"
"300c0242-885b-41bd-87f5-1d483246f5a7","doctor","ce614a07-9c0e-435a-8dd5-7573fd96020a"
"dd00bc18-aee2-4a99-8440-1118747c0ef1","doctor","ce614a07-9c0e-435a-8dd5-7573fd96020a"
"5327353c-7473-4786-be1a-57ba44592763","doctor","ce614a07-9c0e-435a-8dd5-7573fd96020a"
"33485a2b-8ff3-439a-b8fd-8fdddf3d2855","doctor","ce614a07-9c0e-435a-8dd5-7573fd96020a"
"cc8bf2be-0003-4766-b776-b213cab81c20","doctor","ce614a07-9c0e-435a-8dd5-7573fd96020a"
"3e2610c9-b406-47cb-bcf3-bee0349005ec","doctor","ce614a07-9c0e-435a-8dd5-7573fd96020a"
"392b8c24-9329-4003-9218-f1a0b8a2a0b7","doctor","dda844d8-1a59-4be6-8a76-592018f5ac83"
"1e7c9afc-0570-4872-a859-c14c3943fa0f","doctor","5bf687e9-9ba5-4745-af41-81f5c5527553"
"9c07fa91-fe85-4d1c-875f-417ac869a5cc","doctor","2f3b3273-c73a-4b5b-9e35-7e266ea13282"
"3612438b-db9c-402c-92f3-ffe7f51d789a","doctor","4135f194-7cf4-49bd-86f1-d26653096ede"
"e9d0891f-c4f2-4122-8586-072ca62fdcdc","doctor","c89a5840-6373-4c4e-9a11-35573de4ede5"
"97de9117-a10c-4921-b4f0-cbfe3f97f451","doctor","dda844d8-1a59-4be6-8a76-592018f5ac83"
"532c4f7e-f736-416f-ae86-71114af89735","doctor","dda844d8-1a59-4be6-8a76-592018f5ac83"
"2f2d002c-cf1e-421a-973a-1f79abb26c37","doctor","b25c004b-aa9c-401e-aadb-19eecddd925c"
"ad5763c0-20c1-43de-a5be-8694bc7ffdf4","doctor","a951acf4-d6ad-4a32-953b-c45976bbb9b2"
"7b03a2de-19b7-4606-b088-0bb6148cdeb2","doctor","dda844d8-1a59-4be6-8a76-592018f5ac83"
"098dad91-58ef-4a94-8d42-61a418de9d54","doctor","b0d13bd7-52d2-4b7d-a56d-93ca840f1496"
"7f93c203-dbac-45b8-8779-17aa21e1efcc","doctor","b7980d8a-e8ed-4b51-9568-fe3d23c911a2"
"bc5ac82f-2368-46b6-99e4-909c1cb6f69a","doctor","4b0dc4a5-5b9b-4072-afaf-481f71a7e94e"
"9972ffb5-8e16-470d-8231-f5ef38f93fe7","doctor","dda844d8-1a59-4be6-8a76-592018f5ac83"
"8ee80864-c0f4-4eb2-bf8e-61429068c33f","doctor","53fd1de6-389f-42d4-9df8-859d47ced74a"
"c881bc5a-92a5-4fa9-96f3-42f86d12b8e6","doctor","dda844d8-1a59-4be6-8a76-592018f5ac83"
"dee1ff58-1f52-402f-809e-778d53f13af3","doctor","903f098d-9994-428d-913f-eea702270933"
"03a4825e-26a8-4134-9315-a1d339d1defe","doctor","03b03e7d-348b-489c-ba96-a6d52b24ab7c"
"801766ab-45d7-4799-870e-4ce490c534c1","doctor","c89a5840-6373-4c4e-9a11-35573de4ede5"
"c8c21642-aac0-442f-808f-294588283437","doctor","dda844d8-1a59-4be6-8a76-592018f5ac83"
"b58fdb05-eb1c-4f85-90ae-8aecab0ff4f1","doctor","dda844d8-1a59-4be6-8a76-592018f5ac83"
"166f692d-968d-47fa-9c08-db8769016c04","doctor","0a9b1146-c158-4701-8147-37d45e38bc77"
"791a4dba-fb68-442e-afdc-5fb443289ba5","doctor","74f9957b-790c-4e88-abe4-d63aaacefc12"
"5c2e7a0c-797e-4ba5-b5d8-b426c1c89a04","doctor","a6228d0e-414c-4a4e-a006-ed1bae3987e1"
"167da890-7f98-4ac1-aa9c-e1a49c519f7d","doctor","dda844d8-1a59-4be6-8a76-592018f5ac83"
"f5685074-cd17-4673-bb67-6506af74e1c9","doctor","dda844d8-1a59-4be6-8a76-592018f5ac83"
"a9790ad8-051b-457e-8979-bd4dd7a84662","doctor","dda844d8-1a59-4be6-8a76-592018f5ac83"
"6a7559de-6153-42fe-ac59-7dde9a10fc08","doctor","70d4871e-fe2e-4ba6-bd29-6d56591f6cf4"
"88e46e4e-2733-4833-bc36-85a2b8fbf26c","doctor","dda844d8-1a59-4be6-8a76-592018f5ac83"
"42fa9747-6214-4df7-b057-89022245c23a","doctor","5e958760-d576-4601-bd0a-6acca6fe42a5"
"ce9d8ba1-d13a-4ec6-bc95-5e36a17901e7","doctor","eb0ac372-1263-49ab-97ef-86efe6cae437"
"8cebb9b3-eeaf-4354-aed4-d25863c69888","doctor","dda844d8-1a59-4be6-8a76-592018f5ac83"
"e45e2e07-d041-4970-8368-328349907e03","doctor","03b03e7d-348b-489c-ba96-a6d52b24ab7c"
"f5291880-005e-4395-941a-53ac03c930a6","doctor","c89a5840-6373-4c4e-9a11-35573de4ede5"
"1e431b72-3cab-4052-9df3-bb9de3697a63","doctor","dda844d8-1a59-4be6-8a76-592018f5ac83"
"c5519874-b0a5-42d8-9619-cdbcaf2f3022","doctor","dda844d8-1a59-4be6-8a76-592018f5ac83"
"878dda07-963c-45e2-a041-202cf8f52c3a","doctor","b25c004b-aa9c-401e-aadb-19eecddd925c"
"d844db1c-9c67-4105-a5b4-fc07070976f7","doctor","dda844d8-1a59-4be6-8a76-592018f5ac83"
"ef765911-eef5-4b1e-931d-9675bd564269","doctor","eb0ac372-1263-49ab-97ef-86efe6cae437"
"69f762f6-a796-4edd-b19b-5c369dff8045","doctor","eb0ac372-1263-49ab-97ef-86efe6cae437"
"68dadebc-78f6-45b7-9aa4-42cd4797d90a","doctor","eb0ac372-1263-49ab-97ef-86efe6cae437"
"2457a944-be0c-4341-977f-9dda397b9ba5","doctor","dda844d8-1a59-4be6-8a76-592018f5ac83"
"816080f0-6073-46b5-89e1-562d0c0ae01d","doctor","eb0ac372-1263-49ab-97ef-86efe6cae437"
"7cbdc8cc-6722-4c2d-a04a-d928b3c446fc","doctor","dda844d8-1a59-4be6-8a76-592018f5ac83"
"3d264b99-b4d6-4690-901b-184ddbdca805","doctor","eb0ac372-1263-49ab-97ef-86efe6cae437"
"3552a5c5-e36d-4467-8d91-5a986e049388","doctor","dda844d8-1a59-4be6-8a76-592018f5ac83"
"df22214b-9fec-481d-9f6d-086a0b3787e0","doctor","c4a33cf4-a67d-4010-b45f-67b1147aa07c"
"7ee5612f-374c-40f2-96d3-8e10195381e3","doctor","dda844d8-1a59-4be6-8a76-592018f5ac83"
"cfd84be9-dd58-4bdb-8e65-535ee8f393d3","doctor","c89a5840-6373-4c4e-9a11-35573de4ede5"
"237fe865-0fbd-412b-9f17-f3f5bf544620","doctor","c89a5840-6373-4c4e-9a11-35573de4ede5"
"2f8aab37-957e-4197-aeda-3d25e92e38c2","doctor","dda844d8-1a59-4be6-8a76-592018f5ac83"
"ae036354-7ddc-405e-8f21-4bf5986a435c","doctor","ce614a07-9c0e-435a-8dd5-7573fd96020a"
"1738f024-dbf4-41f3-93d3-da85bffe2212","doctor","c89a5840-6373-4c4e-9a11-35573de4ede5"
"dccc30aa-e593-4902-bd4c-ab601552b562","doctor","dda844d8-1a59-4be6-8a76-592018f5ac83"
"53d8afe5-fb01-47ce-8bb8-1cd583a98f8e","doctor","4135f194-7cf4-49bd-86f1-d26653096ede"
"9db41753-4d67-47ad-a1fd-c3c4df76e743","doctor","dda844d8-1a59-4be6-8a76-592018f5ac83"
"68a3f6cd-119b-45bb-9e60-b302c5a87017","doctor","dda844d8-1a59-4be6-8a76-592018f5ac83"
"b17e83b8-270e-44bc-8106-4c19139ce375","doctor","dda844d8-1a59-4be6-8a76-592018f5ac83"
"35670feb-e04a-472d-aad4-0db13341c61c","doctor","dda844d8-1a59-4be6-8a76-592018f5ac83"
"a6e9ecee-1ed4-4c7d-bf74-e85e9d53921d","doctor","c89a5840-6373-4c4e-9a11-35573de4ede5"
"f36db660-7f8d-4b8d-bd27-49eb3fc19f9c","doctor","71fbdf19-3a77-4499-8969-0a55ffe4025d"
"03933737-cb71-4a43-96d1-0150120b41df","doctor","dda844d8-1a59-4be6-8a76-592018f5ac83"
"b75d1247-2260-41cb-b273-4e605ff80f76","doctor","4135f194-7cf4-49bd-86f1-d26653096ede"
"83dc9ce7-33f5-43b1-ad24-70caa09a616b","doctor","c89a5840-6373-4c4e-9a11-35573de4ede5"
"544f07ed-e3c9-421a-ba6d-bf4b5cce1ded","doctor","74f9957b-790c-4e88-abe4-d63aaacefc12"
"ac3f19ba-5a27-4a32-a804-58d24ff464d8","doctor","5bf687e9-9ba5-4745-af41-81f5c5527553"
"806bb048-6b4e-411c-bb28-10166dc4cbf7","doctor","dda844d8-1a59-4be6-8a76-592018f5ac83"
"139010ed-3608-4f1a-badd-551cf61b577f","doctor","1805df4d-3b4e-4306-868a-37b9a09c0bc0"
"0f718904-7b29-4fed-a171-2cb14113d33c","doctor","eb0ac372-1263-49ab-97ef-86efe6cae437"
"eca4737c-dcfb-42cd-ac77-c922e4646d3e","doctor","c89a5840-6373-4c4e-9a11-35573de4ede5"
"f6e4d012-40be-4c39-8ad2-5183b69da940","doctor","b0d13bd7-52d2-4b7d-a56d-93ca840f1496"
"fc0d8bae-e98e-46e0-b3aa-fb44b751792c","doctor","74f9957b-790c-4e88-abe4-d63aaacefc12"
"1f1e945b-10aa-4185-9ec4-d49b2220edae","doctor","dda844d8-1a59-4be6-8a76-592018f5ac83"
"f268ffcf-54d2-4232-9198-5b7b1a0b5695","doctor","6a49bf6d-af59-49cc-9bd0-f4d7d9cd7975"
"21934cac-f986-42ae-9a0d-e1e6a24dd426","doctor","a0013fdb-04ab-4ff5-aa09-676418ce3e16"
"c994f978-be1e-4f31-873b-761325e4f28b","doctor","74f9957b-790c-4e88-abe4-d63aaacefc12"
"b4f53b04-8292-4cb9-8361-8c6a72bed40a","doctor","ce614a07-9c0e-435a-8dd5-7573fd96020a"
"6339aa2e-35e8-49bc-bdde-5f259c6e2a89","doctor","eb0ac372-1263-49ab-97ef-86efe6cae437"
"c12ac0f3-ecbd-4f76-a0a7-35e6f297d550","doctor","4135f194-7cf4-49bd-86f1-d26653096ede"
"2ee025c2-a831-4fb8-b638-b66aebb3bf82","doctor","eb0ac372-1263-49ab-97ef-86efe6cae437"
"e6c8c89c-a9f4-4fd6-bcb4-5ffea76e289e","doctor","03b03e7d-348b-489c-ba96-a6d52b24ab7c"
"1187a2ac-5af8-45ef-8f27-5596ea1048d5","doctor","70d4871e-fe2e-4ba6-bd29-6d56591f6cf4"
"2be66190-71fd-4b69-843b-00fd6ce0a5cf","doctor","4135f194-7cf4-49bd-86f1-d26653096ede"
"7021e86d-bbcb-4ca6-a1b2-f3bb2295cbb3","doctor","0a9b1146-c158-4701-8147-37d45e38bc77"
"9f950a3e-8964-4933-b4f3-28d0cc0b173b","doctor","a0013fdb-04ab-4ff5-aa09-676418ce3e16"
"e4d52b8e-cfb2-41ca-b75a-7699879a6408","doctor","0e2acf79-74df-4a63-899a-a6394a55b923"
"eba4354a-9206-4f79-ac5c-742f1776c4f5","doctor","4135f194-7cf4-49bd-86f1-d26653096ede"
"1ed60dd2-916f-4c83-a2c1-95230cb55235","doctor","eb0ac372-1263-49ab-97ef-86efe6cae437"
"19ceb729-449d-4eff-8c8b-576ab88956bf","doctor","1895c224-7659-4a02-b06e-5b10d6eb3780"
"a96b6245-1604-4a3f-ab20-356d1e0bdecd","doctor","dda844d8-1a59-4be6-8a76-592018f5ac83"
"befc328d-a7f9-4929-806d-09dfe99f564c","doctor","0ad24490-a110-4b2a-ad0a-665365a381c8"
"b11aa4a2-78bf-465e-93ea-51d8186d4e98","doctor","eb0ac372-1263-49ab-97ef-86efe6cae437"
"d635c0e7-0a55-4c04-b88a-79bb05b2470f","doctor","c89a5840-6373-4c4e-9a11-35573de4ede5"
"b6b439ef-fd53-419f-9500-fd80f2e2d3ce","doctor","70d4871e-fe2e-4ba6-bd29-6d56591f6cf4"
"2a7c889c-2448-4be2-a8c9-c83b22ef4d15","doctor","6a49bf6d-af59-49cc-9bd0-f4d7d9cd7975"
"8a308f0d-c205-4c44-a2d4-607a61175d5c","doctor","ba6564ff-0709-45ec-a422-809973a7e856"
"6cdac99f-0e00-45e9-9313-b0a1af4a913b","doctor","3be1d242-e7f2-4edd-8047-ece84781e2e1"
"aa641882-b05c-4bfa-85d3-e9805d06c9dd","doctor","dda844d8-1a59-4be6-8a76-592018f5ac83"
"3f3db23d-7120-43f8-9076-68fefb45a214","doctor","eb0ac372-1263-49ab-97ef-86efe6cae437"
"026396e4-97f1-47fb-acd4-b60bce624348","doctor","eb0ac372-1263-49ab-97ef-86efe6cae437"
"a28fe1d2-322c-4a00-9841-71a13225cbcd","doctor","eb0ac372-1263-49ab-97ef-86efe6cae437"
"59a30b03-66f8-4b7f-bfd8-10b616f7f135","doctor","eb0ac372-1263-49ab-97ef-86efe6cae437"
"3371299c-e1f7-4476-9617-4019c8cdad5b","doctor","eb0ac372-1263-49ab-97ef-86efe6cae437"
"45abcb0f-4e54-4ec8-87a5-1aa03f5df4fd","doctor","eb0ac372-1263-49ab-97ef-86efe6cae437"
"3fa14219-4405-44bb-a5ce-ddcb54795777","doctor","de117e97-2497-4daf-9f56-f48bb7749a39"
"45b00156-9448-4f6a-8f7c-f00c91e3ed0a","doctor","de117e97-2497-4daf-9f56-f48bb7749a39"
"aba93686-b0f2-4ecb-9f02-e642f902404a","doctor","dda844d8-1a59-4be6-8a76-592018f5ac83"
"c73c7ad1-3bee-4625-b120-29ea6884e6bf","doctor","dda844d8-1a59-4be6-8a76-592018f5ac83"
"3638d768-fe91-44f8-98f5-f125bc6f5f67","doctor","eb0ac372-1263-49ab-97ef-86efe6cae437"
"7834bae0-cdec-4ab9-9813-2a74b559f7be","doctor","c89a5840-6373-4c4e-9a11-35573de4ede5"
"868d1e05-1498-447c-b3b7-5d0f31ecd04a","doctor","1be5ca91-9dc5-45f2-b82c-7e5a18fa94e3"
"9cf3d326-f887-467f-a18f-8dbeeef06ccb","doctor","a0013fdb-04ab-4ff5-aa09-676418ce3e16"
"ccc59cca-b531-4a1c-bad1-dcccb3c0d4dd","doctor","dda844d8-1a59-4be6-8a76-592018f5ac83"
"767aacc3-870f-4a05-a768-7a7a4159de78","doctor","dda844d8-1a59-4be6-8a76-592018f5ac83"
"986b7778-fbb7-42a2-b4f8-606b3ac03399","doctor","71fbdf19-3a77-4499-8969-0a55ffe4025d"
"02ced995-ddbe-4fa7-b3f0-10ba0f030763","doctor","dda844d8-1a59-4be6-8a76-592018f5ac83"
"82f94a56-502b-4a02-aa46-38435eeca063","doctor","eb0ac372-1263-49ab-97ef-86efe6cae437"
"0d9890fb-7012-470b-9452-b39da1c50eb3","doctor","c89a5840-6373-4c4e-9a11-35573de4ede5"
"ed634180-85d6-4aa2-abcb-a3921e9f47d3","doctor","dda844d8-1a59-4be6-8a76-592018f5ac83"
"fdf5719b-720e-4e31-aff2-587fd749dece","doctor","dda844d8-1a59-4be6-8a76-592018f5ac83"
"b2f654b1-bbb2-4f61-985e-a2814c69e11c","doctor","ce614a07-9c0e-435a-8dd5-7573fd96020a"
"35b06d55-1a61-4bee-aaf1-16aaaf1f2604","doctor","2f3b3273-c73a-4b5b-9e35-7e266ea13282"
"46c7f5cd-e79c-4858-afdf-0b660b2568e0","doctor","067d1f57-ab89-46bf-a65c-ea7598695bb3"
"ac517515-528d-4f3c-bfa3-5333e7999753","doctor","535dc15d-4748-48f2-a3b2-e3d70231cf54"
"f17eabc1-bbad-49a9-820e-7e7b1b58f98a","doctor","70d4871e-fe2e-4ba6-bd29-6d56591f6cf4"
"731110c7-c311-4567-a03d-81107f2dfd16","doctor","a581285c-35e0-43e1-be71-734cf49f551d"
"acf63a9c-2d85-4a86-b21f-2d61409f3d17","doctor","3e39c4f8-52f8-4c4d-8555-4dd76847975a"
"e3713461-db9a-4eb4-a3af-ed546e19421d","doctor","70d4871e-fe2e-4ba6-bd29-6d56591f6cf4"
"7a31132f-fdf3-472d-bfc3-e3576220cf11","doctor","dda844d8-1a59-4be6-8a76-592018f5ac83"
"af1b4e07-2e98-45f1-a1e6-98cbb7d1c93a","doctor","64449acf-f639-4e7c-9692-ca7e7e9915da"
"08bedfbf-88ca-460c-872b-00f33df5488f","doctor","c89a5840-6373-4c4e-9a11-35573de4ede5"
"0181fcec-7e18-43f2-b721-317d84c87873","doctor","dda844d8-1a59-4be6-8a76-592018f5ac83"
"66fcbe7e-3f48-41b4-b454-a0adb63d963d","doctor","2f3b3273-c73a-4b5b-9e35-7e266ea13282"
"d682a572-940d-4e77-9411-7ff6674a952d","doctor","fb19e85b-7e18-42a0-8e87-74b497101b0d"
"54eb9a34-4577-400d-baa4-722bf197a29a","doctor","a581285c-35e0-43e1-be71-734cf49f551d"
"8a1eee79-a38f-4399-8462-1a8f27e9016c","doctor","64449acf-f639-4e7c-9692-ca7e7e9915da"
"e87de383-e1a5-4cfe-a9f4-07d5072fb27d","doctor","002c8da0-d3ed-4da6-9a5e-3f2a83c168ca"
"912f63af-c8c7-4da3-816f-f123a4301244","doctor","71fbdf19-3a77-4499-8969-0a55ffe4025d"
"c0c12584-5239-4755-b746-98df85cc166a","doctor","5e958760-d576-4601-bd0a-6acca6fe42a5"
"5d730118-f4c6-4155-b6a7-16d385478683","doctor","5be2a211-e4da-4860-935f-6df0cc939f7b"
"4538ab19-6631-4eae-b861-f5eacfc3e2b0","doctor","64449acf-f639-4e7c-9692-ca7e7e9915da"
"98dc7f18-41f1-4cea-b953-f3c553d8958b","doctor","a581285c-35e0-43e1-be71-734cf49f551d"
"2b9ec6b8-4ed6-42fd-bf99-547a377584c0","doctor","535dc15d-4748-48f2-a3b2-e3d70231cf54"
"e84eb1ee-155c-4640-8b34-e298025479c3","doctor","535dc15d-4748-48f2-a3b2-e3d70231cf54"
"456945c4-941d-493b-b45c-07fb0524a648","doctor","74f9957b-790c-4e88-abe4-d63aaacefc12"
"2e185612-65ce-49d1-8168-3191c2b52cc3","doctor","c89a5840-6373-4c4e-9a11-35573de4ede5"
"17975a69-5036-462a-b64d-66e7c6c6e2f6","doctor","dda844d8-1a59-4be6-8a76-592018f5ac83"
"072604c1-6f0e-4813-b940-0b7044211709","doctor","dda844d8-1a59-4be6-8a76-592018f5ac83"
"04960b5b-ccf7-4dcf-abf0-a57ded9c8ca5","doctor","64449acf-f639-4e7c-9692-ca7e7e9915da"
"f5cc2b6a-25a2-4e56-a9ea-153781fd600e","doctor","dda844d8-1a59-4be6-8a76-592018f5ac83"
"b9b91ca2-ad34-4615-9128-d7c81ab80ab0","doctor","dda844d8-1a59-4be6-8a76-592018f5ac83"
"8d931318-e037-4bc5-bdbc-9fd97c9f4d9d","doctor","72349ab5-a353-49e9-83ba-95ea3b48fb02"
"1bcbf988-cd90-4971-a1a5-3141d14f2df6","doctor","70d4871e-fe2e-4ba6-bd29-6d56591f6cf4"
"2b464677-b768-4e68-b918-da2e3571a1ad","doctor","dda844d8-1a59-4be6-8a76-592018f5ac83"
"1d18372f-d4c4-4285-943d-833e4de4ce63","doctor","535dc15d-4748-48f2-a3b2-e3d70231cf54"
"061a1e5d-01ea-4b1c-a46d-393802075e0f","doctor","72349ab5-a353-49e9-83ba-95ea3b48fb02"
"afbd41b8-4317-414c-897a-56865cee5b0f","doctor","dda844d8-1a59-4be6-8a76-592018f5ac83"
"770f8cac-6f68-45bc-914c-e51c7ab2a7c2","doctor","5e958760-d576-4601-bd0a-6acca6fe42a5"
"34761c4b-cd8b-4184-ae86-81543870a1bd","doctor","dda844d8-1a59-4be6-8a76-592018f5ac83"
"79a1420f-7bc0-4ee5-a60e-c4719d68f89b","doctor","dda844d8-1a59-4be6-8a76-592018f5ac83"
"459b87c3-d5c7-4525-b5ce-3d64f37380bc","doctor","5e958760-d576-4601-bd0a-6acca6fe42a5"
"27cc760f-f57d-4c5c-b50e-ce5a22e382f7","doctor","dda844d8-1a59-4be6-8a76-592018f5ac83"
"4da23a90-8b83-4ea5-b671-62bf9fc26027","doctor","dda844d8-1a59-4be6-8a76-592018f5ac83"
"f92514c5-6589-4943-b451-4ef82c9ce96a","doctor","eb0ac372-1263-49ab-97ef-86efe6cae437"
"1fdfd57b-4143-45cb-96c7-aa44a6d645df","doctor","535dc15d-4748-48f2-a3b2-e3d70231cf54"
"2a5507b1-482a-4c30-8f9a-5c94adc82e42","doctor","73a4deeb-8ad0-4332-b0b3-80d24d1ab2f5"
"bc077854-8493-471a-896a-ebea498c5d1d","doctor","70d4871e-fe2e-4ba6-bd29-6d56591f6cf4"
"0dff66dc-1b84-4d24-81cc-62c826a06909","doctor","dda844d8-1a59-4be6-8a76-592018f5ac83"
"146add0a-5800-40a9-bfc4-55fc1431d37f","doctor","866f0bb9-fce8-4187-81a8-b01671f5fdc5"
"01cfea33-a3b4-4f9b-a160-0d84f78f3be4","doctor","903f098d-9994-428d-913f-eea702270933"
"3d3aeddb-92d7-4e47-9c4c-4d0e715a134e","doctor","535dc15d-4748-48f2-a3b2-e3d70231cf54"
"ff7c73e2-c4d3-4c9d-a803-0777330558e8","doctor","1be5ca91-9dc5-45f2-b82c-7e5a18fa94e3"
"2fc1376c-faa8-40d4-b684-835aa82c2e21","doctor","70d4871e-fe2e-4ba6-bd29-6d56591f6cf4"
"ed43b1bb-b26e-4b64-b27d-07de62fb9f3a","doctor","5e958760-d576-4601-bd0a-6acca6fe42a5"
"169049de-4add-4d23-8b0a-ecbda0a191a7","doctor","535dc15d-4748-48f2-a3b2-e3d70231cf54"
"054c3ed6-81af-4ff4-b383-122507567c97","doctor","dda844d8-1a59-4be6-8a76-592018f5ac83"
"3f3c0b95-49f0-4701-ad76-9933acce402b","doctor","dda844d8-1a59-4be6-8a76-592018f5ac83"
"c9cc07df-9a86-44c6-8964-202f6c8c93d9","doctor","535dc15d-4748-48f2-a3b2-e3d70231cf54"
"18f2215a-ec5a-43e5-a8f6-fe5576229e1e","doctor","067d1f57-ab89-46bf-a65c-ea7598695bb3"
"6c10b7df-38ad-40b2-9291-145e6c5323b3","doctor","70d4871e-fe2e-4ba6-bd29-6d56591f6cf4"
"f4e6b54e-ca0b-49b9-b16a-7dc195803971","doctor","c89a5840-6373-4c4e-9a11-35573de4ede5"
"344fa3b0-a918-430c-b2d5-3220ccb2e8a8","doctor","535dc15d-4748-48f2-a3b2-e3d70231cf54"
"319a9d33-a70f-4200-bac2-f32fe320971f","doctor","5be2a211-e4da-4860-935f-6df0cc939f7b"
"71d4bb13-2906-4870-96f4-554b21ab2c53","doctor","535dc15d-4748-48f2-a3b2-e3d70231cf54"
"d948ab19-7ac0-46b2-982d-92683d2837c9","doctor","dda844d8-1a59-4be6-8a76-592018f5ac83"
"b5cd0797-b92c-41f6-ad49-2c204268435e","doctor","dda844d8-1a59-4be6-8a76-592018f5ac83"
"42c931c1-66a5-4fa9-915b-fbb5befec2ad","doctor","fb19e85b-7e18-42a0-8e87-74b497101b0d"
"9eec8a04-83f7-45ea-bde7-f63f72865deb","doctor","dda844d8-1a59-4be6-8a76-592018f5ac83"
"7674bad0-20b0-4cbf-8d04-8fe635d1a034","doctor","c89a5840-6373-4c4e-9a11-35573de4ede5"
"21727ad9-3503-4548-9db4-1d9f74953849","doctor","eb0ac372-1263-49ab-97ef-86efe6cae437"
"5eed16ac-cca5-44c1-ac4c-575915631e3b","doctor","2f3b3273-c73a-4b5b-9e35-7e266ea13282"
"da150389-ee8c-4262-93dc-89895d824022","doctor","71fbdf19-3a77-4499-8969-0a55ffe4025d"
"243524b8-01bf-43be-aac6-cef931673fdb","doctor","067d1f57-ab89-46bf-a65c-ea7598695bb3"
"0f99fca2-425c-4920-b575-2cff44bb0120","doctor","eb0ac372-1263-49ab-97ef-86efe6cae437"
"5856c467-cedb-4d3b-9b13-4851028708de","doctor","067d1f57-ab89-46bf-a65c-ea7598695bb3"
"666f2049-ec32-4584-bf32-0f49c7899d3f","doctor","eb0ac372-1263-49ab-97ef-86efe6cae437"
"91fec35b-8a24-471a-8929-19801cf25cc8","doctor","5e958760-d576-4601-bd0a-6acca6fe42a5"
"da58d762-74a5-47c8-ae81-ab4478f2fdc5","doctor","fb19e85b-7e18-42a0-8e87-74b497101b0d"
"ac871352-466c-46b3-af5b-bad7a46d4354","doctor","dda844d8-1a59-4be6-8a76-592018f5ac83"
"0abb4f32-37bb-44b6-b922-91f8559128ce","doctor","eb0ac372-1263-49ab-97ef-86efe6cae437"
"8e303bb7-b322-49d3-8b06-fdfd54fc8c40","doctor","dda844d8-1a59-4be6-8a76-592018f5ac83"
"d5bcfc13-bbd0-4c1a-865c-961c186e62ae","doctor","fb19e85b-7e18-42a0-8e87-74b497101b0d"
"4dd990df-f7a6-48da-999b-aeb6a0280f46","doctor","eb0ac372-1263-49ab-97ef-86efe6cae437"
"adf02fdd-0c9f-4925-9393-e8e9d6dfad8e","doctor","eb0ac372-1263-49ab-97ef-86efe6cae437"
"35a63ecb-f369-43b0-ace2-e2f49126d67c","doctor","93776760-bcd5-4317-ad19-97e328c0a460"
"2ac6074f-ec26-436c-acda-d5392e8ce457","doctor","5e958760-d576-4601-bd0a-6acca6fe42a5"
"bd4c7cdc-a0c8-4aea-8208-db07cb734bf5","doctor","eb0ac372-1263-49ab-97ef-86efe6cae437"
"6d92b142-5aa2-4193-97c2-cba8bf5d397e","doctor","70d4871e-fe2e-4ba6-bd29-6d56591f6cf4"
"939d828c-42f8-44d2-b08e-e2c8c6e1f1e7","doctor","dda844d8-1a59-4be6-8a76-592018f5ac83"
"e9f1ed7b-3968-4f1c-b842-85179f50d899","doctor","70d4871e-fe2e-4ba6-bd29-6d56591f6cf4"
"e68638d8-ba46-4b6b-87e6-d21bb0da8f08","doctor","eb0ac372-1263-49ab-97ef-86efe6cae437"
"2ed8e1f7-a714-409a-8ae9-3fbf1e001f86","doctor","eb0ac372-1263-49ab-97ef-86efe6cae437"
"8c9a0e62-e6ff-4ee8-bdb3-280fa5166c5b","doctor","067d1f57-ab89-46bf-a65c-ea7598695bb3"
"baf29ee9-5e1b-40c8-b109-95c6fdb34900","doctor","067d1f57-ab89-46bf-a65c-ea7598695bb3"
"80d03be3-ec37-4136-a971-11468552d420","doctor","067d1f57-ab89-46bf-a65c-ea7598695bb3"
"d8f431e2-965e-4d24-b476-b1050ae651ed","doctor","067d1f57-ab89-46bf-a65c-ea7598695bb3"
"e0f62a4f-37d8-4c88-bfaa-37c635204d12","doctor","eb0ac372-1263-49ab-97ef-86efe6cae437"
"ff74d867-b7ba-495a-86b0-edf451b81f1d","doctor","067d1f57-ab89-46bf-a65c-ea7598695bb3"
"4d72f6b7-8d92-4d23-a684-5291c8f7f3de","doctor","eb0ac372-1263-49ab-97ef-86efe6cae437"
"641f3e6b-d27d-477b-a948-e44dffde7091","doctor","ce614a07-9c0e-435a-8dd5-7573fd96020a"
"6cf7d68f-d4fc-4e37-9063-e55515d092a6","doctor","067d1f57-ab89-46bf-a65c-ea7598695bb3"
"91d15023-df58-49f6-87ef-a478dcfcc5b3","doctor","067d1f57-ab89-46bf-a65c-ea7598695bb3"
"75f15af7-eae2-4310-83e4-b5873b87f8a6","doctor","067d1f57-ab89-46bf-a65c-ea7598695bb3"
"a3cd7ce3-7797-49b3-b657-02ab62f154f4","doctor","70d4871e-fe2e-4ba6-bd29-6d56591f6cf4"
"5df685fd-d569-4c61-b963-f2f2169f3376","doctor","eb0ac372-1263-49ab-97ef-86efe6cae437"
"1929bbc9-8838-4a6c-8976-43864816705c","doctor","067d1f57-ab89-46bf-a65c-ea7598695bb3"
"72143dda-2e63-437e-a3e8-ec266db6ba33","doctor","fb19e85b-7e18-42a0-8e87-74b497101b0d"
"6915557e-dc17-4258-b5aa-76de8a1e0f61","doctor","eb0ac372-1263-49ab-97ef-86efe6cae437"
"9cbbdcb4-d66f-4914-9a74-035b49e0e612","doctor","eb0ac372-1263-49ab-97ef-86efe6cae437"
"90abe02d-33f6-4ca3-a346-2a68d18c02e4","doctor","eb0ac372-1263-49ab-97ef-86efe6cae437"
"c91d2489-7fae-403c-925e-dac84cb437cd","doctor","067d1f57-ab89-46bf-a65c-ea7598695bb3"
"0c294be6-37f0-4569-afbc-f65a0034d7ca","doctor","eb0ac372-1263-49ab-97ef-86efe6cae437"
"86e02433-c1a0-460c-ab35-81ba0905a251","doctor","eb0ac372-1263-49ab-97ef-86efe6cae437"
"ea927084-a19a-4232-82f5-dfa6110e4d29","doctor","bc3a880a-62e7-4084-9392-b35b95dc9bf9"
"8814e660-d0b2-43de-823d-365c1107639f","doctor","067d1f57-ab89-46bf-a65c-ea7598695bb3"
"0bc4c7dc-58f5-4bd7-aafd-1bdb2e3f8007","doctor","067d1f57-ab89-46bf-a65c-ea7598695bb3"
"b00e1670-545f-4574-a0dd-76ec5ac1282d","doctor","067d1f57-ab89-46bf-a65c-ea7598695bb3"
"2f9974d6-681d-4943-ac25-f26c2ca69dbc","doctor","067d1f57-ab89-46bf-a65c-ea7598695bb3"
"20739853-0708-4431-a46a-ef43006ee675","doctor","70d4871e-fe2e-4ba6-bd29-6d56591f6cf4"
"84f83186-b14b-4280-bde5-ea5bf7ffc774","doctor","eb0ac372-1263-49ab-97ef-86efe6cae437"
"5368a148-7ed7-4ed6-b57f-fad87846b7c1","doctor","067d1f57-ab89-46bf-a65c-ea7598695bb3"
"d892994c-0e72-4d5c-ad66-1debe6776b5f","doctor","5be2a211-e4da-4860-935f-6df0cc939f7b"
"abfeabdc-decb-48fd-92fa-452e31b59bc1","doctor","dda844d8-1a59-4be6-8a76-592018f5ac83"
"9d190365-a6e0-48d4-b3e0-e597e0e3a9db","doctor","067d1f57-ab89-46bf-a65c-ea7598695bb3"
"d2fedf6a-860d-4c4e-9cce-8f8dc21219cf","doctor","067d1f57-ab89-46bf-a65c-ea7598695bb3"
"1733733d-0228-4621-8889-0e44c8356893","doctor","eb0ac372-1263-49ab-97ef-86efe6cae437"
"1f8ffe17-aedb-4be0-8989-2b926301565e","doctor","dda844d8-1a59-4be6-8a76-592018f5ac83"
"0894b6ed-a31f-4930-bead-090cd722459c","doctor","067d1f57-ab89-46bf-a65c-ea7598695bb3"
"dad0b8db-63e2-47f9-8803-617405d9d567","doctor","eb0ac372-1263-49ab-97ef-86efe6cae437"
"0d5a0fb3-e059-4b29-8352-1903e2e74d9b","doctor","dda844d8-1a59-4be6-8a76-592018f5ac83"
"53f6cc14-47ce-491d-b8ba-3cb2bda666b3","doctor","246d55dc-d82e-4f0d-8cc1-b3f1876f170f"
"0f700ec1-9b12-4a61-8232-fa7b715bc2c9","doctor","dda844d8-1a59-4be6-8a76-592018f5ac83"
"4a8da08e-b7fa-4565-b800-416fdcb2faf9","doctor","dda844d8-1a59-4be6-8a76-592018f5ac83"
"bf3458f6-7add-4a6c-8631-81d6e90e773f","doctor","067d1f57-ab89-46bf-a65c-ea7598695bb3"
"e179465a-03f7-4e59-ad34-3353f2cf17fa","doctor","067d1f57-ab89-46bf-a65c-ea7598695bb3"
"de3dafdc-2a46-4c07-b131-1598a0ba772f","doctor","eb0ac372-1263-49ab-97ef-86efe6cae437"
"fb0c2cef-808e-4fbb-8ca7-bc4feded0c7a","doctor","eb0ac372-1263-49ab-97ef-86efe6cae437"
"07071c36-c7c4-4068-b6dc-e8e7f434e93a","doctor","00274eb3-d009-47dd-992f-0f4e80b28ace"
"0a5ca2e9-c3f1-41c1-bc01-bfe6c1e44f39","doctor","002c8da0-d3ed-4da6-9a5e-3f2a83c168ca"
"2e5d1bfe-c4e3-4b70-87d2-9c68a8c3a750","doctor","067d1f57-ab89-46bf-a65c-ea7598695bb3"
"23280225-0736-4ff9-a675-1d0b6551070d","doctor","94737dab-f17a-488b-9b61-08e12dd1eae2"
"ea85e48f-b5db-465c-acc7-ec6a07a15e1f","doctor","eb0ac372-1263-49ab-97ef-86efe6cae437"
"442c3024-d6f2-4b47-a747-d348f521f01a","doctor","067d1f57-ab89-46bf-a65c-ea7598695bb3"
"e6e6b543-ea90-4259-ba50-5c97bc8ec472","doctor","dda844d8-1a59-4be6-8a76-592018f5ac83"
"6b5dac7c-84df-48ba-a21e-405c38946f95","doctor","eb0ac372-1263-49ab-97ef-86efe6cae437"
"62b23815-9722-4533-a87f-769a64e46174","doctor","067d1f57-ab89-46bf-a65c-ea7598695bb3"
"0cafeb6a-fb3c-4502-a815-626442454095","doctor","eb0ac372-1263-49ab-97ef-86efe6cae437"
"d5b05dce-697b-4439-ac9d-26614b28c6e3","doctor","067d1f57-ab89-46bf-a65c-ea7598695bb3"
"55df2eea-7b9e-4856-9f2f-1f8f5780d694","doctor","5be2a211-e4da-4860-935f-6df0cc939f7b"
"826c5a46-cde0-4b75-bc9e-14523628b109","doctor","bc3a880a-62e7-4084-9392-b35b95dc9bf9"
"25033e71-e11f-48d5-863e-fc68d21c3bbb","doctor","067d1f57-ab89-46bf-a65c-ea7598695bb3"
"690091e5-ff70-462f-9edf-c89530657d93","doctor","eb0ac372-1263-49ab-97ef-86efe6cae437"
"1d92b920-fdb5-4136-b3b2-34a144b0234f","doctor","eb0ac372-1263-49ab-97ef-86efe6cae437"
